Species,Treatment,Core,Timepoint,Sym.Host.old,Sym.Host,logSH,Y2,PropD.old,PropD,Batch,DHW,Recov.Days,Date,InitialDom,PropDAv,Colony
O.faveolata,Control,1-13-a,Post-bleach,0.445409055,0.010567317,-1.976035276,NA,0.993545058,0.783555403,1,NaN,NaN,07/06/2019,NA,NA,13
O.faveolata,Control,1-13-a,Pre-bleach,0.50362106,0.011869641,-1.925562428,NA,0.993746359,0.788914041,1,NaN,NaN,22/05/2019,NA,NA,13
O.faveolata,Control,1-13-a,Pre-outplant,0.63182603,0.012243249,-1.912103303,NA,0.99914143,0.964751827,1,NaN,NaN,14/08/2019,NA,NA,13
O.faveolata,Bleached,1-13-c,Post-bleach,0.21013088,0.003931676,-2.405422296,0.134,1,1,2,13.29,NaN,19/12/2019,B,0.303637583,13
O.faveolata,Bleached,1-13-c,Pre-bleach,0.396197595,0.041232283,-1.384762618,0.566,0.890117727,0.160033067,2,0,NaN,17/11/2019,B,0.015152066,13
O.faveolata,Bleached,1-13-c,Pre-outplant,0.828951783,0.015510189,-1.809382905,0.353,1,1,2,NaN,78,05/03/2020,B,0.758547582,13
O.faveolata,Bleached,1-13-c,Recovery,1.322584678,0.024746359,-1.606488688,0.269,1,1,2,NaN,31,19/01/2020,B,0.753003749,13
O.faveolata,Control,1-13-d,Post-bleach,0.141981871,0.022297207,-1.651749538,NA,0.821926596,0.097927189,2,NaN,NaN,06/12/2019,NA,NA,13
O.faveolata,Control,1-13-d,Pre-bleach,0.076608978,0.01822619,-1.739304097,NA,0.717824369,0.056453359,2,NaN,NaN,17/11/2019,NA,NA,13
O.faveolata,Control,1-13-d,Pre-outplant,0.426365094,0.154326647,-0.811559079,NA,0.558139964,0.028851717,2,NaN,NaN,05/03/2020,NA,NA,13
O.faveolata,Bleached,1-21-a,Post-bleach,0.015036192,0.001337454,-2.873721301,0.206,0.909582895,0.191332734,1,5.36,NaN,07/06/2019,B,0.303637583,21
O.faveolata,Bleached,1-21-a,Pre-bleach,0.316276044,0.197892105,-0.703571531,0.522,0.218636156,0.006538041,1,0,NaN,22/05/2019,B,0.015152066,21
O.faveolata,Bleached,1-21-a,Pre-outplant,0.968045715,0.020603799,-1.686052706,0.41,0.99668741,0.876184104,1,NaN,66,14/08/2019,B,0.758547582,21
O.faveolata,Bleached,1-21-a,Recovery,3.18E-04,5.95E-06,-5.225621811,0.509,1,1,1,NaN,31,10/07/2019,B,0.753003749,21
O.faveolata,Bleached,1-21-b,Post-bleach,0.017495687,0.001599506,-2.796014128,0.192,0.90639824,0.185503457,1,5.36,NaN,07/06/2019,B,0.303637583,21
O.faveolata,Bleached,1-21-b,Pre-bleach,0.36058438,0.282124857,-0.549558648,0.52,0.016897473,0.000404087,1,0,NaN,22/05/2019,B,0.015152066,21
O.faveolata,Bleached,1-21-b,Pre-outplant,0.640305977,0.0140357,-1.852765935,0.362,0.995868191,0.850047466,1,NaN,66,14/08/2019,B,0.758547582,21
O.faveolata,Bleached,1-21-b,Recovery,0.00148931,2.79E-05,-4.55492698,0.49,1,1,1,NaN,31,10/07/2019,B,0.753003749,21
O.faveolata,Control,1-21-d,Post-bleach,0.056878677,0.032684335,-1.485660348,NA,0.284367474,0.009259288,2,NaN,NaN,06/12/2019,NA,NA,21
O.faveolata,Control,1-21-d,Pre-bleach,0.059762357,0.036766704,-1.434545299,NA,0.232125873,0.00705967,2,NaN,NaN,17/11/2019,NA,NA,21
O.faveolata,Control,1-21-d,Pre-outplant,0.373774312,0.272806948,-0.564144574,NA,0.084530791,0.002166989,2,NaN,NaN,05/03/2020,NA,NA,21
O.faveolata,Bleached,1-34-a,Post-bleach,8.26E-04,0.000657064,-3.182392004,0.22,0,0,1,7.5,NaN,13/06/2019,B,0.303637583,34
O.faveolata,Bleached,1-34-a,Pre-bleach,0.105827736,0.081211204,-1.090384049,0.514,0.035379817,0,1,0,NaN,22/05/2019,B,0.015152066,34
O.faveolata,Bleached,1-34-a,Pre-outplant,0.571554964,0.017141774,-1.765944237,0.426,0.985478257,0.614804602,1,NaN,62,14/08/2019,B,0.758547582,34
O.faveolata,Bleached,1-34-a,Recovery,4.18E-04,7.81E-06,-5.107166507,0.526,1,1,1,NaN,31,14/07/2019,B,0.753003749,34
O.faveolata,Bleached,1-34-b,Post-bleach,0.005938534,0.004724321,-2.325660636,0.265,0,0,1,6.07,NaN,09/06/2019,B,0.303637583,34
O.faveolata,Bleached,1-34-b,Pre-bleach,0.069411696,0.055219537,-1.257907241,0.532,0,0,1,0,NaN,22/05/2019,B,0.015152066,34
O.faveolata,Bleached,1-34-b,Pre-outplant,0.216763269,0.080682194,-1.093222298,0.49,0.544939465,0.027393282,1,NaN,66,14/08/2019,B,0.758547582,34
O.faveolata,Bleached,1-34-b,Recovery,0.008615233,0.002288123,-2.640520723,0.472,0.68219427,0.048059987,1,NaN,31,10/07/2019,B,0.753003749,34
O.faveolata,Control,1-34-d,Post-bleach,0.040227408,0.032002371,-1.494817848,NA,0,0,2,NaN,NaN,06/12/2019,NA,NA,34
O.faveolata,Control,1-34-d,Pre-bleach,0.048456116,0.038548609,-1.413991294,NA,0,0,2,NaN,NaN,17/11/2019,NA,NA,34
O.faveolata,Control,1-34-d,Pre-outplant,0.33006512,0.262578845,-0.580740266,NA,0,0,2,NaN,NaN,05/03/2020,NA,NA,34
O.faveolata,Control,1-36-a,Post-bleach,0.135027259,0.107419111,-0.968918445,NA,0,0,1,NaN,NaN,07/06/2019,NA,NA,36
O.faveolata,Control,1-36-a,Pre-bleach,0.028593333,0.022747039,-1.643075121,NA,0,0,1,NaN,NaN,22/05/2019,NA,NA,36
O.faveolata,Control,1-36-a,Pre-outplant,0.020815797,0.016559726,-1.780946859,NA,0,0,1,NaN,NaN,14/08/2019,NA,NA,36
O.faveolata,Bleached,1-36-b,Post-bleach,0.005436231,0.00432472,-2.36404196,0.252,0,0,1,5.36,NaN,07/06/2019,B,0.303637583,36
O.faveolata,Bleached,1-36-b,Pre-bleach,0.045242504,0.035992063,-1.443793264,0.529,0,0,1,0,NaN,22/05/2019,B,0.015152066,36
O.faveolata,Bleached,1-36-b,Pre-outplant,0.064137974,0.051024098,-1.292224661,0.418,0,0,1,NaN,66,14/08/2019,B,0.758547582,36
O.faveolata,Bleached,1-36-b,Recovery,0.006753367,0.00537255,-2.269819572,0.51,0,0,1,NaN,31,10/07/2019,B,0.753003749,36
O.faveolata,Bleached,1-36-c,Post-bleach,3.48E-04,0.000276741,-3.557926923,0.267,0,0,2,7.86,NaN,09/12/2019,B,0.303637583,36
O.faveolata,Bleached,1-36-c,Pre-bleach,0.058287187,0.046369584,-1.3337668,0.541,0,0,2,0,NaN,17/11/2019,B,0.015152066,36
O.faveolata,Bleached,1-36-c,Recovery,0.001811449,3.39E-05,-4.469886007,0.386,1,1,2,NaN,31,09/01/2020,B,0.753003749,36
O.faveolata,Bleached,1-4-a,Post-bleach,0.002153375,0.000353842,-3.451191208,0.132,0.812559157,0.092523851,1,11.64,NaN,23/06/2019,B,0.303637583,4
O.faveolata,Bleached,1-4-a,Pre-bleach,0.035056739,0.02619741,-1.581741647,0.532,0.062112372,0.001555174,1,0,NaN,22/05/2019,B,0.015152066,4
O.faveolata,Bleached,1-4-a,Pre-outplant,0.328589912,0.006148116,-2.211257949,0.319,1,1,1,NaN,52,14/08/2019,B,0.758547582,4
O.faveolata,Bleached,1-4-a,Recovery,0.353886858,0.006621437,-2.17904774,0.36,1,1,1,NaN,31,24/07/2019,B,0.753003749,4
O.faveolata,Bleached,1-4-b,Post-bleach,0.007018411,0.000131319,-3.881673395,0.232,1,1,1,12.64,NaN,25/06/2019,B,0.303637583,4
O.faveolata,Bleached,1-4-b,Pre-bleach,0.097802123,0.032383528,-1.489675841,0.551,0.597847944,0.033783348,1,0,NaN,22/05/2019,B,0.015152066,4
O.faveolata,Bleached,1-4-b,Pre-outplant,0.251627254,0.004708098,-2.327154498,0.339,1,1,1,NaN,50,14/08/2019,B,0.758547582,4
O.faveolata,Bleached,1-4-b,Recovery,0.187421724,0.003506774,-2.455092246,0.361,1,1,1,NaN,31,26/07/2019,B,0.753003749,4
O.faveolata,Bleached,1-4-c,Post-bleach,0.003480939,0.000610297,-3.214458451,1.94E-01,0.798391233,0.085203702,2,11.36,NaN,16/12/2019,B,0.303637583,4
O.faveolata,Bleached,1-4-c,Pre-bleach,0.014647747,0.011652817,-1.933569067,0.563,0,0,2,0,NaN,17/11/2019,B,0.015152066,4
O.faveolata,Bleached,1-4-c,Pre-outplant,0.351077171,0.006568866,-2.182509585,0.333,1,1,2,NaN,81,05/03/2020,B,0.758547582,4
O.faveolata,Bleached,1-4-c,Recovery,0.076169651,0.00142518,-2.84613021,0.265,1,1,2,NaN,31,16/01/2020,B,0.753003749,4
O.faveolata,Control,1-62-a,Post-bleach,0.056204233,0.044712518,-1.349570875,NA,0,0,1,NaN,NaN,07/06/2019,NA,NA,62
O.faveolata,Control,1-62-a,Pre-bleach,0.032073394,0.023072571,-1.636904006,NA,0.095744887,0,1,NaN,NaN,22/05/2019,NA,NA,62
O.faveolata,Control,1-62-a,Pre-outplant,0.025450232,0.020246588,-1.69364816,NA,0,0,1,NaN,NaN,14/08/2019,NA,NA,62
O.faveolata,Bleached,1-62-b,Post-bleach,4.60E-04,0.000366175,-3.436310805,0.053,0,0,1,10.64,NaN,21/06/2019,B,0.303637583,62
O.faveolata,Bleached,1-62-b,Pre-bleach,0.037481502,0.029817903,-1.525522907,0.52,0,0,1,0,NaN,22/05/2019,B,0.015152066,62
O.faveolata,Bleached,1-62-b,Pre-outplant,0.301840875,0.005647625,-2.248134124,0.404,1,1,1,NaN,54,14/08/2019,B,0.758547582,62
O.faveolata,Bleached,1-62-b,Recovery,7.70E-05,1.44E-06,-5.841679697,0.335,1,1,1,NaN,31,22/07/2019,B,0.753003749,62
O.faveolata,Bleached,1-62-c,Post-bleach,6.32E-04,0.000503166,-3.298288552,2.55E-01,0,0,2,9.36,NaN,12/12/2019,B,0.303637583,62
O.faveolata,Bleached,1-62-c,Pre-bleach,0.026826871,0.021341754,-1.67076988,0.563,0,0,2,0,NaN,17/11/2019,B,0.015152066,62
O.faveolata,Bleached,1-62-c,Pre-outplant,0.257670529,0.017932755,-1.746352982,0.392,0.934496166,0.2512367,2,NaN,85,05/03/2020,B,0.758547582,62
O.faveolata,Bleached,1-62-c,Recovery,5.75E-04,0.000457583,-3.339529661,0.292,0,0,2,NaN,31,12/01/2020,B,0.753003749,62
O.faveolata,Bleached,1-62-d,Post-bleach,0.001005287,0.000799742,-3.09705,2.87E-01,0,0,2,9.36,NaN,12/12/2019,B,0.303637583,62
O.faveolata,Bleached,1-62-d,Pre-bleach,0.092226336,0.073369415,-1.134484943,0.566,0,0,2,0,NaN,17/11/2019,B,0.015152066,62
O.faveolata,Bleached,1-62-d,Recovery,4.38E-04,0.000348108,-3.458285995,0.421,0,0,2,NaN,31,12/01/2020,B,0.753003749,62
O.faveolata,Bleached,1-64-a,Post-bleach,0.083178824,0.001556326,-2.807899401,0.259,1,1,1,13.64,NaN,01/07/2019,D,1,64
O.faveolata,Bleached,1-64-a,Pre-bleach,1.232526682,0.027206026,-1.565334885,0.561,0.995671137,0.843985446,1,0,NaN,22/05/2019,D,0.976918506,64
O.faveolata,Bleached,1-64-a,Pre-outplant,1.03839842,0.019429062,-1.711548156,0.349,1,1,1,NaN,44,14/08/2019,D,1,64
O.faveolata,Bleached,1-64-a,Recovery,1.150977869,0.021535492,-1.666845202,0.389,1,1,1,NaN,31,01/08/2019,D,1,64
O.faveolata,Control,1-64-b,Post-bleach,1.420871233,0.031102063,-1.507210803,NA,0.995907929,0.851280214,1,NaN,NaN,07/06/2019,NA,NA,64
O.faveolata,Control,1-64-b,Pre-bleach,1.558664084,0.032892499,-1.482903128,NA,0.996920285,0.883901587,1,NaN,NaN,22/05/2019,NA,NA,64
O.faveolata,Control,1-64-b,Pre-outplant,1.95570556,0.037465262,-1.426371223,NA,0.999425485,0.976141862,1,NaN,NaN,14/08/2019,NA,NA,64
O.faveolata,Bleached,1-64-c,Post-bleach,0.272789514,0.005104057,-2.292084503,1.40E-01,1,1,2,13.29,NaN,19/12/2019,D,1,64
O.faveolata,Bleached,1-64-c,Pre-bleach,1.057648399,0.020358545,-1.691253269,0.561,0.999307087,0.9713626,2,0,NaN,17/11/2019,D,0.976918506,64
O.faveolata,Bleached,1-64-c,Pre-outplant,1.316639234,0.024635116,-1.608445383,0.278,1,1,2,NaN,78,05/03/2020,D,1,64
O.faveolata,Bleached,1-64-c,Recovery,3.526800804,0.065988576,-1.180531244,0.264,1,1,2,NaN,31,19/01/2020,D,1,64
O.faveolata,Bleached,1-64-d,Post-bleach,0.170975332,0.003199052,-2.49497872,1.08E-01,1,1,2,13.29,NaN,19/12/2019,NA,NA,64
O.faveolata,Bleached,1-64-d,Pre-bleach,0.492393599,0.018516459,-1.732442054,0.554,0.975677444,0.485454513,2,0,NaN,17/11/2019,NA,NA,64
O.faveolata,Bleached,1-64-d,Pre-outplant,0,0,-6.5,0.31,NaN,NA,2,NaN,78,05/03/2020,NA,NA,64
O.faveolata,Bleached,1-64-d,Recovery,0.808522649,0.015127948,-1.820219985,0.311,1,1,2,NaN,31,19/01/2020,NA,NA,64
O.faveolata,Bleached,1-65-a,Post-bleach,0.006876357,0.000128661,-3.89055378,0.239,1,1,1,10.64,NaN,21/06/2019,D,1,65
O.faveolata,Bleached,1-65-a,Pre-bleach,0.782607094,0.014643052,-1.834368395,0.482,1,1,1,0,NaN,22/05/2019,D,0.976918506,65
O.faveolata,Bleached,1-65-a,Pre-outplant,0.204101699,0.003818866,-2.418065556,0.378,1,1,1,NaN,54,14/08/2019,D,1,65
O.faveolata,Bleached,1-65-a,Recovery,0.372125225,0.006962688,-2.157223065,0.389,1,1,1,NaN,31,22/07/2019,D,1,65
O.faveolata,Control,1-65-b,Post-bleach,0.34361385,0.006429223,-2.191841514,NA,1,1,1,NaN,NaN,07/06/2019,NA,NA,65
O.faveolata,Control,1-65-b,Pre-bleach,0.38285237,0.007163399,-2.144880835,NA,1,1,1,NaN,NaN,22/05/2019,NA,NA,65
O.faveolata,Control,1-65-b,Pre-outplant,1.641324041,0.030710165,-1.512717844,NA,1,1,1,NaN,NaN,14/08/2019,NA,NA,65
O.faveolata,Bleached,1-65-c,Post-bleach,0.012738684,0.000238348,-3.622787599,1.17E-01,1,1,2,13.29,NaN,19/12/2019,D,1,65
O.faveolata,Bleached,1-65-c,Pre-bleach,0.46389175,0.008679695,-2.061495526,0.544,1,1,2,0,NaN,17/11/2019,D,0.976918506,65
O.faveolata,Bleached,1-65-c,Pre-outplant,1.429350858,0.026744019,-1.572773328,0.294,1,1,2,NaN,78,05/03/2020,D,1,65
O.faveolata,Bleached,1-65-c,Recovery,1.23444289,0.023097173,-1.636441172,0.238,1,1,2,NaN,31,19/01/2020,D,1,65
O.faveolata,Bleached,1-65-d,Post-bleach,0.04925316,0.000921556,-3.035478077,1.14E-01,1,1,2,13.29,NaN,19/12/2019,D,1,65
O.faveolata,Bleached,1-65-d,Pre-bleach,0.652640351,0.012211296,-1.913238253,0.555,1,1,2,0,NaN,17/11/2019,D,0.976918506,65
O.faveolata,Bleached,1-65-d,Pre-outplant,0.531396302,0.009942746,-2.002493647,0.377,1,1,2,NaN,78,05/03/2020,D,1,65
O.faveolata,Bleached,1-65-d,Recovery,0.378498659,0.007081939,-2.14984783,0.284,1,1,2,NaN,31,19/01/2020,D,1,65
O.faveolata,Bleached,1-66-a,Post-bleach,0.018342831,0.000343205,-3.464445821,0.232,1,1,1,12.64,NaN,25/06/2019,D,1,66
O.faveolata,Bleached,1-66-a,Pre-bleach,0.168325246,0.003126708,-2.50491271,0.519,0.992773569,1,1,0,NaN,22/05/2019,D,0.976918506,66
O.faveolata,Bleached,1-66-a,Pre-outplant,0.377450691,0.007062331,-2.15105195,0.355,1,1,1,NaN,50,14/08/2019,D,1,66
O.faveolata,Bleached,1-66-a,Recovery,1.564129641,0.029265812,-1.533639429,0.371,1,1,1,NaN,31,26/07/2019,D,1,66
O.faveolata,Bleached,1-66-b,Post-bleach,0.063895587,0.001195525,-2.922441314,0.343,1,1,1,13.64,NaN,01/07/2019,D,1,66
O.faveolata,Bleached,1-66-b,Pre-bleach,0.697545917,0.013051506,-1.884339374,0.551,1,1,1,0,NaN,22/05/2019,D,0.976918506,66
O.faveolata,Bleached,1-66-b,Pre-outplant,0.572108266,0.010704492,-1.970433953,0.393,1,1,1,NaN,44,14/08/2019,D,1,66
O.faveolata,Bleached,1-66-b,Recovery,0.726160365,0.0135869,-1.866879634,0.36,1,1,1,NaN,31,01/08/2019,D,1,66
O.faveolata,Bleached,1-66-c,Post-bleach,0.0467257,0.000874266,-3.058356357,1.14E-01,1,1,2,13.29,NaN,19/12/2019,D,1,66
O.faveolata,Bleached,1-66-c,Pre-bleach,1.070555874,0.020030748,-1.698302837,0.575,1,1,2,0,NaN,17/11/2019,D,0.976918506,66
O.faveolata,Bleached,1-66-c,Pre-outplant,0.562864706,0.010531539,-1.977508158,0.397,1,1,2,NaN,78,05/03/2020,D,1,66
O.faveolata,Bleached,1-66-c,Recovery,0.437501568,0.008185919,-2.086932561,0.349,1,1,2,NaN,31,19/01/2020,D,1,66
O.faveolata,Control,1-66-d,Post-bleach,0.38298508,0.007165882,-2.14473032,NA,1,1,2,NaN,NaN,06/12/2019,NA,NA,66
O.faveolata,Control,1-66-d,Pre-bleach,1.302569267,0.024371859,-1.613111348,NA,1,1,2,NaN,NaN,17/11/2019,NA,NA,66
O.faveolata,Control,1-66-d,Pre-outplant,1.517672068,0.028396562,-1.546734234,NA,1,1,2,NaN,NaN,05/03/2020,NA,NA,66
O.faveolata,Bleached,1-81-a,Post-bleach,0,0,-6.5,0.251,NaN,NA,1,11.64,NaN,23/06/2019,B,0.303637583,81
O.faveolata,Bleached,1-81-a,Pre-bleach,0.145825861,0.072196172,-1.14148583,0.544,0.386768336,0.014617029,1,0,NaN,22/05/2019,B,0.015152066,81
O.faveolata,Bleached,1-81-a,Pre-outplant,0.743219414,0.013906085,-1.856795129,0.344,1,1,1,NaN,52,14/08/2019,B,0.758547582,81
O.faveolata,Bleached,1-81-a,Recovery,1.36638126,0.02556582,-1.592340278,0.381,1,1,1,NaN,31,24/07/2019,B,0.753003749,81
O.faveolata,Bleached,1-81-b,Post-bleach,0.009637403,0.000180322,-3.743952172,0.268,1,1,1,10.64,NaN,21/06/2019,B,0.303637583,81
O.faveolata,Bleached,1-81-b,Pre-bleach,0.244965272,0.171706861,-0.765212351,0.535,0.121768337,0.003250417,1,0,NaN,22/05/2019,B,0.015152066,81
O.faveolata,Bleached,1-81-b,Pre-outplant,0.528091598,0.009880913,-2.005202917,0.383,1,1,1,NaN,54,14/08/2019,B,0.758547582,81
O.faveolata,Bleached,1-81-b,Recovery,0.002143019,4.01E-05,-4.396886233,0.422,1,1,1,NaN,31,22/07/2019,B,0.753003749,81
O.faveolata,Bleached,1-81-c,Post-bleach,0.032416229,0.000606527,-3.21714968,2.96E-01,1,1,2,12,NaN,17/12/2019,B,0.303637583,81
O.faveolata,Bleached,1-81-c,Pre-bleach,0.349360042,0.144464594,-0.840238579,0.608,0.491776117,0.022251898,2,0,NaN,17/11/2019,B,0.015152066,81
O.faveolata,Bleached,1-81-c,Pre-outplant,0.657179824,0.012296232,-1.910227954,0.386,1,1,2,NaN,80,05/03/2020,B,0.758547582,81
O.faveolata,Bleached,1-81-c,Recovery,0.260410603,0.00487244,-2.312253513,0.28,1,1,2,NaN,31,17/01/2020,B,0.753003749,81
O.faveolata,Control,1-81-d,Post-bleach,0.195206495,0.113075268,-0.946632375,NA,0.27841081,0.008992916,2,NaN,NaN,06/12/2019,NA,NA,81
O.faveolata,Control,1-81-d,Pre-bleach,0.524265784,0.192691428,-0.715137606,NA,0.550948662,0.028047107,2,NaN,NaN,17/11/2019,NA,NA,81
O.faveolata,Control,1-81-d,Pre-outplant,0.626695484,0.465480951,-0.332098087,NA,0.067945584,0.001711606,2,NaN,NaN,05/03/2020,NA,NA,81
S.siderea,Bleached,2-16-a,Post-bleach,0.003879402,6.82E-05,-4.166447771,0.222,0.939073625,1,1,5.36,NaN,07/06/2019,C,0.25,16
S.siderea,Bleached,2-16-a,Pre-bleach,0.035399772,0.003034989,-2.51784284,0.518,0.162665049,0.035499757,1,0,NaN,22/05/2019,C,0.026683691,16
S.siderea,Bleached,2-16-a,Pre-outplant,0.01388682,0.000259831,-3.585309364,0.316,1,1,1,NaN,66,14/08/2019,C,0.494825339,16
S.siderea,Bleached,2-16-a,Recovery,0.113822691,0.002129691,-2.671683328,0.406,1,1,1,NaN,31,10/07/2019,C,0.666666667,16
S.siderea,Control,2-16-b,Post-bleach,0.130547843,0.008652194,-2.062873774,NA,0.405763096,0.114552309,1,NaN,NaN,07/06/2019,NA,NA,16
S.siderea,Control,2-16-b,Pre-bleach,0.032877801,0.001600707,-2.795688032,NA,0.625508977,0.240387655,1,NaN,NaN,22/05/2019,NA,NA,16
S.siderea,Control,2-16-b,Pre-outplant,0.009970133,0.000760513,-3.118893325,NA,0.227593549,0,1,NaN,NaN,14/08/2019,NA,NA,16
S.siderea,Bleached,2-16-c,Post-bleach,0.001050186,1.96E-05,-4.706646098,3.58E-01,1,1,2,9.36,NaN,12/12/2019,D,0.998917672,16
S.siderea,Bleached,2-16-c,Pre-bleach,0.032525553,0.000684776,-3.164451599,0.532,0.970730473,0.862705922,2,0,NaN,17/11/2019,D,0.952448892,16
S.siderea,Bleached,2-16-c,Pre-outplant,0.071936117,0.001345968,-2.870965185,0.215,1,1,2,NaN,85,05/03/2020,D,1,16
S.siderea,Bleached,2-16-c,Recovery,0.023878567,0.000446782,-3.349903908,0.16,1,1,2,NaN,31,12/01/2020,D,1,16
S.siderea,Bleached,2-16-d,Post-bleach,0,0,-6.5,3.08E-01,NaN,NA,2,9.36,NaN,12/12/2019,D,0.998917672,16
S.siderea,Bleached,2-16-d,Pre-bleach,0.048453004,0.001107825,-2.955528666,0.529,0.948112505,0.775884498,2,0,NaN,17/11/2019,D,0.952448892,16
S.siderea,Bleached,2-16-d,Pre-outplant,0.123053713,0.002302409,-2.637817453,0.15,1,1,2,NaN,85,05/03/2020,D,1,16
S.siderea,Bleached,2-16-d,Recovery,0.065306033,0.001221915,-2.912958869,0.137,1,1,2,NaN,31,12/01/2020,D,1,16
S.siderea,Bleached,2-18-a,Post-bleach,0,0,-6.5,0.309,NaN,NA,1,13.64,NaN,03/07/2019,D,0.998917672,18
S.siderea,Bleached,2-18-a,Pre-bleach,0.050169841,0.000965353,-3.01531396,0.518,0.993365072,0.96594721,1,0,NaN,22/05/2019,D,0.952448892,18
S.siderea,Bleached,2-18-a,Pre-outplant,0.031333725,0.000586273,-3.231900149,0.19,1,1,1,NaN,42,14/08/2019,D,1,18
S.siderea,Bleached,2-18-a,Recovery,0.015323186,0.000286706,-3.542563105,0.155,1,1,1,NaN,31,03/08/2019,D,1,18
S.siderea,Control,2-18-b,Post-bleach,0.150033866,0.002807224,-2.551722874,NA,1,1,1,NaN,NaN,07/06/2019,NA,NA,18
S.siderea,Control,2-18-b,Pre-bleach,0.040466169,0.000757146,-3.120820081,NA,1,1,1,NaN,NaN,22/05/2019,NA,NA,18
S.siderea,Control,2-18-b,Pre-outplant,0.025415635,0.000475542,-3.322811208,NA,1,1,1,NaN,NaN,14/08/2019,NA,NA,18
S.siderea,Control,2-18-c,Post-bleach,0.362559442,0.007359847,-2.133131231,NA,0.980147408,0.903419938,2,NaN,NaN,06/12/2019,NA,NA,18
S.siderea,Control,2-18-c,Pre-bleach,0.020601036,0.000387743,-3.411456059,NA,0.998614233,0.992728986,2,NaN,NaN,17/11/2019,NA,NA,18
S.siderea,Control,2-18-c,Pre-outplant,0.041907727,0.000784119,-3.105618066,NA,1,1,2,NaN,NaN,05/03/2020,NA,NA,18
S.siderea,Bleached,2-18-d,Post-bleach,0,0,-6.5,0.327,NaN,NA,2,6.43,NaN,06/12/2019,D,0.998917672,18
S.siderea,Bleached,2-18-d,Pre-bleach,0.041302133,0.000772788,-3.111939696,0.56,1,1,2,0,NaN,17/11/2019,D,0.952448892,18
S.siderea,Bleached,2-18-d,Pre-outplant,0.089087084,0.001666873,-2.778097431,0.14,1,1,2,NaN,91,05/03/2020,D,1,18
S.siderea,Bleached,2-18-d,Recovery,0.005535234,0.000103568,-3.984776169,0.148,1,1,2,NaN,31,06/01/2020,D,1,18
S.siderea,Control,2-19-a,Post-bleach,0.44322811,0.013704429,-1.863139049,NA,0.847472704,0.512837635,1,NaN,NaN,07/06/2019,NA,NA,19
S.siderea,Control,2-19-a,Pre-bleach,0.057000259,0.001298396,-2.886592822,NA,0.949176189,0.779658304,1,NaN,NaN,22/05/2019,NA,NA,19
S.siderea,Control,2-19-a,Pre-outplant,0.0361359,0.001176815,-2.929291647,NA,0.826899237,0.475084589,1,NaN,NaN,14/08/2019,NA,NA,19
S.siderea,Bleached,2-19-b,Post-bleach,0.003394343,6.26E-05,-4.203323945,0.208,0.985899279,1,1,13.64,NaN,09/07/2019,D,0.998917672,19
S.siderea,Bleached,2-19-b,Pre-bleach,0.024620643,0.00048733,-3.312176602,0.511,0.986470537,0.932498043,1,0,NaN,22/05/2019,D,0.952448892,19
S.siderea,Bleached,2-19-b,Pre-outplant,0.006791096,0.000127066,-3.89597232,0.302,1,1,1,NaN,67,14/08/2019,D,1,19
S.siderea,Bleached,2-19-b,Recovery,0,0,-6.5,0.38,NaN,NA,1,NaN,31,09/08/2019,D,1,19
S.siderea,Bleached,2-19-c,Post-bleach,0.055720812,0.00104257,-2.981894738,1.27E-01,1,1,2,13.29,NaN,19/12/2019,D,0.998917672,19
S.siderea,Bleached,2-19-c,Pre-bleach,0.048289809,0.000924913,-3.033899202,0.512,0.994468456,0.971479252,2,0,NaN,17/11/2019,D,0.952448892,19
S.siderea,Bleached,2-19-c,Pre-outplant,0.191028539,0.003574259,-2.446813921,0.193,1,1,2,NaN,78,05/03/2020,D,1,19
S.siderea,Bleached,2-19-c,Recovery,0.21973858,0.004111442,-2.386005862,0.145,1,1,2,NaN,31,19/01/2020,D,1,19
S.siderea,Bleached,2-19-d,Post-bleach,0.044884468,0.000839816,-3.075816097,9.00E-02,1,1,2,13.29,NaN,19/12/2019,D,0.998917672,19
S.siderea,Bleached,2-19-d,Pre-bleach,0.033582655,0.000628352,-3.20179715,0.509,1,1,2,0,NaN,17/11/2019,D,0.952448892,19
S.siderea,Bleached,2-19-d,Pre-outplant,0.125770031,0.002353233,-2.628335008,0.187,1,1,2,NaN,78,05/03/2020,D,1,19
S.siderea,Bleached,2-19-d,Recovery,0.213064197,0.00398656,-2.399401696,0.135,1,1,2,NaN,31,19/01/2020,D,1,19
S.siderea,Bleached,2-22-a,Post-bleach,1.06E-04,1.05E-05,-4.978656638,0.305,0,0,1,7.5,NaN,13/06/2019,C,0.25,22
S.siderea,Bleached,2-22-a,Pre-bleach,0.002912481,0.000109352,-3.961175253,0.543,0.619809022,0,1,0,NaN,22/05/2019,C,0.026683691,22
S.siderea,Bleached,2-22-a,Pre-outplant,0.01330155,0.000953328,-3.020757547,0.145,0.274261106,0,1,NaN,62,14/08/2019,C,0.494825339,22
S.siderea,Bleached,2-22-a,Recovery,0,0,-6.5,0.224,NaN,NA,1,NaN,31,14/07/2019,C,0.666666667,22
S.siderea,Bleached,2-22-b,Post-bleach,3.70E-05,0,-6.5,0.307,0,NA,1,7.5,NaN,13/06/2019,C,0.25,22
S.siderea,Bleached,2-22-b,Pre-bleach,0.009593418,0.0009474,-3.023466817,0.523,0,0,1,0,NaN,22/05/2019,C,0.026683691,22
S.siderea,Bleached,2-22-b,Pre-outplant,0.008700178,0.000859188,-3.065912046,0.153,0,0,1,NaN,62,14/08/2019,C,0.494825339,22
S.siderea,Bleached,2-22-b,Recovery,9.65E-04,9.53E-05,-4.020929707,0.207,0,0,1,NaN,31,14/07/2019,C,0.666666667,22
S.siderea,Bleached,2-22-c,Post-bleach,0,0,-6.5,0.412,NaN,NA,2,6.43,NaN,06/12/2019,C,0.25,22
S.siderea,Bleached,2-22-c,Pre-bleach,0.001102321,0.00010886,-3.963131948,0.543,0,0,2,0,NaN,17/11/2019,C,0.026683691,22
S.siderea,Bleached,2-22-c,Pre-outplant,0.090450732,0.006464051,-2.18949525,0.203,0.34093866,0.089262986,2,NaN,91,05/03/2020,C,0.494825339,22
S.siderea,Bleached,2-22-c,Recovery,3.98E-04,3.93E-05,-4.405345012,0.235,0,0,2,NaN,31,06/01/2020,C,0.666666667,22
S.siderea,Control,2-22-d,Post-bleach,0.009182618,0.000808206,-3.092477767,NA,0.134179753,0.028524568,2,NaN,NaN,06/12/2019,NA,NA,22
S.siderea,Control,2-22-d,Pre-bleach,0.004877172,0.000481646,-3.317272092,NA,0,0,2,NaN,NaN,17/11/2019,NA,NA,22
S.siderea,Control,2-22-d,Pre-outplant,0.010447204,0.001031715,-2.986440127,NA,0,0,2,NaN,NaN,05/03/2020,NA,NA,22
S.siderea,Bleached,2-23-a,Post-bleach,2.46E-04,0,-6.5,0.231,0,NA,1,5.36,NaN,07/06/2019,C,0.25,23
S.siderea,Bleached,2-23-a,Pre-bleach,0.026890877,0.002655613,-2.575835213,0.527,0,0,1,0,NaN,22/05/2019,C,0.026683691,23
S.siderea,Bleached,2-23-a,Pre-outplant,0.008217186,0.000153749,-3.813189071,0.273,1,1,1,NaN,66,14/08/2019,C,0.494825339,23
S.siderea,Bleached,2-23-a,Recovery,0.038589712,0.000722037,-3.141440636,0.401,1,1,1,NaN,31,10/07/2019,C,0.666666667,23
S.siderea,Control,2-23-b,Post-bleach,0.024344119,0.002322285,-2.634084517,NA,0.03403453,0,1,NaN,NaN,07/06/2019,NA,NA,23
S.siderea,Control,2-23-b,Pre-bleach,0.090921206,0.008978939,-2.046774996,NA,0,0,1,NaN,NaN,22/05/2019,NA,NA,23
S.siderea,Control,2-23-b,Pre-outplant,0.031407668,0.003101669,-2.508404494,NA,0,0,1,NaN,NaN,14/08/2019,NA,NA,23
S.siderea,Bleached,2-23-c,Post-bleach,0.002014211,4.77E-05,-4.321892232,2.87E-01,0.938175186,0.741940461,2,9.36,NaN,12/12/2019,NA,NA,23
S.siderea,Bleached,2-23-c,Pre-bleach,0.021556068,0.000602417,-3.220102789,0.505,0.884615385,0.592263063,2,0,NaN,17/11/2019,NA,NA,23
S.siderea,Bleached,2-23-c,Pre-outplant,0.119271413,0.002247906,-2.648221827,0.226,0.998296237,0.991072555,2,NaN,85,05/03/2020,NA,NA,23
S.siderea,Bleached,2-23-c,Recovery,0.031084951,0.000581618,-3.235361994,0.136,1,1,2,NaN,31,12/01/2020,NA,NA,23
S.siderea,Bleached,2-23-d,Post-bleach,0.00131964,2.47E-05,-4.607456715,0.347,1,1,2,7.86,NaN,09/12/2019,NA,NA,23
S.siderea,Bleached,2-23-d,Pre-bleach,0.005924324,0.000266618,-3.574110574,0.516,0.671516119,0.279185985,2,0,NaN,17/11/2019,NA,NA,23
S.siderea,Bleached,2-23-d,Pre-outplant,0.653770063,0.012268517,-1.911207932,0.36,0.999310468,0.996371332,2,NaN,88,05/03/2020,NA,NA,23
S.siderea,Bleached,2-23-d,Recovery,0.149255923,0.002792669,-2.553980599,0.201,1,1,2,NaN,31,09/01/2020,NA,NA,23
S.siderea,Bleached,2-26-a,Post-bleach,0,0,-6.5,0.212,NaN,NA,1,11.64,NaN,23/06/2019,C,0.25,26
S.siderea,Bleached,2-26-a,Pre-bleach,0.001072922,0.000105957,-3.974872118,0.529,0,0,1,0,NaN,22/05/2019,C,0.026683691,26
S.siderea,Bleached,2-26-a,Pre-outplant,0.023566153,0.000440937,-3.355623478,0.181,1,1,1,NaN,52,14/08/2019,C,0.494825339,26
S.siderea,Bleached,2-26-a,Recovery,0.014719374,0.000275408,-3.560022845,0.164,1,1,1,NaN,31,24/07/2019,C,0.666666667,26
S.siderea,Bleached,2-26-b,Post-bleach,0,0,-6.5,0.242,NaN,NA,1,10.64,NaN,21/06/2019,C,0.25,26
S.siderea,Bleached,2-26-b,Pre-bleach,0.001761183,0.000173926,-3.759635671,0.5,0,0,1,0,NaN,22/05/2019,C,0.026683691,26
S.siderea,Bleached,2-26-b,Pre-outplant,2.88E-05,2.84E-06,-5.54639921,0.217,0,0,1,NaN,54,14/08/2019,C,0.494825339,26
S.siderea,Bleached,2-26-b,Recovery,0,0,-6.5,0.25,NaN,NA,1,NaN,31,22/07/2019,C,0.666666667,26
S.siderea,Control,2-26-c,Post-bleach,0.004333537,0.000427959,-3.368597707,NA,0,0,2,NaN,NaN,06/12/2019,NA,NA,26
S.siderea,Control,2-26-c,Pre-bleach,3.85E-04,3.80E-05,-4.420245996,NA,0,0,2,NaN,NaN,17/11/2019,NA,NA,26
S.siderea,Control,2-26-c,Pre-outplant,0.001643135,0.000147211,-3.832059819,NA,0.114482022,0.023908829,2,NaN,NaN,05/03/2020,NA,NA,26
S.siderea,Bleached,2-26-d,Post-bleach,4.81E-06,4.75E-07,-6.323056599,2.95E-01,0,0,2,12,NaN,17/12/2019,C,0.25,26
S.siderea,Bleached,2-26-d,Pre-bleach,4.53E-05,4.47E-06,-5.349224563,5.86E-01,0,0,2,0,NaN,17/11/2019,C,0.026683691,26
S.siderea,Bleached,2-26-d,Pre-outplant,0,0,-6.5,0.147,NaN,NA,2,NaN,80,05/03/2020,C,0.494825339,26
S.siderea,Bleached,2-26-d,Recovery,0,0,-6.5,0.205,NaN,NA,2,NaN,31,17/01/2020,C,0.666666667,26
S.siderea,Bleached,2-3-a,Post-bleach,0.001130162,3.02E-05,-4.520198306,0.385,0.900073242,0.630528654,1,7.5,NaN,13/06/2019,NA,NA,3
S.siderea,Bleached,2-3-a,Pre-bleach,0.009640667,0.000420031,-3.376718384,0.543,0.689446897,0.296083451,1,0,NaN,22/05/2019,NA,NA,3
S.siderea,Bleached,2-3-a,Pre-outplant,0.285567046,0.027237563,-1.564831744,0.316,0.042158247,0.008270089,1,NaN,62,14/08/2019,NA,NA,3
S.siderea,Bleached,2-3-a,Recovery,1.28E-04,2.40E-06,-5.619670075,0.439,1,1,1,NaN,31,14/07/2019,NA,NA,3
S.siderea,Bleached,2-3-b,Post-bleach,9.36E-04,3.95E-05,-4.403087287,0.39,0.572202789,0,1,7.5,NaN,13/06/2019,C,0.25,3
S.siderea,Bleached,2-3-b,Pre-bleach,0.009918868,0.000522278,-3.282098393,0.553,0.575931423,0.204653459,1,0,NaN,22/05/2019,C,0.026683691,3
S.siderea,Bleached,2-3-b,Pre-outplant,0.027841264,0.00058263,-3.234607003,0.312,0.97231224,0.869339722,1,NaN,62,14/08/2019,C,0.494825339,3
S.siderea,Bleached,2-3-b,Recovery,7.72E-05,1.44E-06,-5.840174547,0.449,1,1,1,NaN,31,14/07/2019,C,0.666666667,3
S.siderea,Control,2-3-c,Post-bleach,0.042766534,0.001390885,-2.856708625,NA,0.827444239,0.476035389,2,NaN,NaN,06/12/2019,NA,NA,3
S.siderea,Control,2-3-c,Pre-bleach,0.027653627,0.000714106,-3.14623755,NA,0.911141838,0.660181677,2,NaN,NaN,17/11/2019,NA,NA,3
S.siderea,Control,2-3-c,Pre-outplant,0.178946652,0.003630733,-2.440005659,NA,0.980275136,0.903992961,2,NaN,NaN,05/03/2020,NA,NA,3
S.siderea,Bleached,2-3-d,Post-bleach,0.099308569,0.001864743,-2.729380983,0.297,0.999167234,0.995620239,2,7.86,NaN,09/12/2019,NA,NA,3
S.siderea,Bleached,2-3-d,Pre-bleach,0.011960311,0.000318944,-3.496285317,0.552,0.900601907,0.631900151,2,0,NaN,17/11/2019,NA,NA,3
S.siderea,Bleached,2-3-d,Pre-outplant,0.173862959,0.003422421,-2.465666592,0.172,0.987831981,0.938954542,2,NaN,88,05/03/2020,NA,NA,3
S.siderea,Bleached,2-3-d,Recovery,0.055929256,0.001360395,-2.866334891,0.154,0.929877867,0.715299083,2,NaN,31,09/01/2020,NA,NA,3
S.siderea,Bleached,2-35-a,Post-bleach,0,0,-6.5,0.208,NaN,NA,1,13.64,NaN,03/07/2019,D,0.998917672,35
S.siderea,Bleached,2-35-a,Pre-bleach,0.152180994,0.002847398,-2.545551759,0.518,1,1,1,0,NaN,22/05/2019,D,0.952448892,35
S.siderea,Bleached,2-35-a,Pre-outplant,0.052806528,0.000988042,-3.005224563,0.213,1,1,1,NaN,42,14/08/2019,D,1,35
S.siderea,Bleached,2-35-a,Recovery,0.013906085,0.000260191,-3.584707304,0.217,1,1,1,NaN,31,03/08/2019,D,1,35
S.siderea,Bleached,2-35-b,Post-bleach,0.004568259,8.55E-05,-4.068161477,0.213,1,1,1,13.64,NaN,05/07/2019,D,0.998917672,35
S.siderea,Bleached,2-35-b,Pre-bleach,0.040466169,0.000757146,-3.120820081,0.509,1,1,1,0,NaN,22/05/2019,D,0.952448892,35
S.siderea,Bleached,2-35-b,Pre-outplant,0.111867285,0.002093105,-2.679209077,0.204,1,1,1,NaN,40,14/08/2019,D,1,35
S.siderea,Bleached,2-35-b,Recovery,0.002980686,0,-6.5,0.27,1,NA,1,NaN,31,05/08/2019,D,1,35
S.siderea,Bleached,2-35-c,Post-bleach,0.004208028,7.87E-05,-4.103833532,1.19E-01,1,1,2,13.29,NaN,19/12/2019,D,0.998917672,35
S.siderea,Bleached,2-35-c,Pre-bleach,0.35523856,0.006646728,-2.177392075,0.523,1,1,2,0,NaN,17/11/2019,D,0.952448892,35
S.siderea,Bleached,2-35-c,Pre-outplant,0.416491828,0.007792814,-2.108305691,0.281,1,1,2,NaN,78,05/03/2020,D,1,35
S.siderea,Bleached,2-35-c,Recovery,0.085754732,0.001604523,-2.794654081,0.224,1,1,2,NaN,31,19/01/2020,D,1,35
S.siderea,Control,2-35-d,Post-bleach,0.155540274,0.002910253,-2.536069315,NA,1,1,2,NaN,NaN,06/12/2019,NA,NA,35
S.siderea,Control,2-35-d,Pre-bleach,0.099743048,0.001866253,-2.729029542,NA,1,1,2,NaN,NaN,17/11/2019,NA,NA,35
S.siderea,Control,2-35-d,Pre-outplant,0.168621464,0.00315501,-2.50099932,NA,1,1,2,NaN,NaN,05/03/2020,NA,NA,35
S.siderea,Bleached,2-41-a,Post-bleach,0.01355103,0.000255566,-3.592497324,0.363,0.998139747,0.990259048,1,10.07,NaN,03/07/2019,D,0.998917672,41
S.siderea,Bleached,2-41-a,Pre-bleach,0.151425313,0.002831653,-2.547959999,0.47,0.999433021,1,1,0,NaN,22/05/2019,D,0.952448892,41
S.siderea,Bleached,2-41-a,Pre-outplant,0.152233745,0.002848385,-2.545401244,0.188,1,1,1,NaN,42,14/08/2019,D,1,41
S.siderea,Bleached,2-41-a,Recovery,0.051273603,0.00095936,-3.018018338,0.151,1,1,1,NaN,31,03/08/2019,D,1,41
S.siderea,Control,2-41-b,Post-bleach,0.217858148,0.004083519,-2.388965394,NA,0.999583588,0.997806072,1,NaN,NaN,07/06/2019,NA,NA,41
S.siderea,Control,2-41-b,Pre-bleach,0.117424615,0.002226011,-2.652472657,NA,0.996922544,0.983968157,1,NaN,NaN,22/05/2019,NA,NA,41
S.siderea,Control,2-41-b,Pre-outplant,0.110403674,0.00206572,-2.684928647,NA,1,1,1,NaN,NaN,14/08/2019,NA,NA,41
S.siderea,Bleached,2-41-c,Post-bleach,0.01158065,0.000216681,-3.664179223,9.30E-02,1,1,2,13.29,NaN,19/12/2019,D,0.998917672,41
S.siderea,Bleached,2-41-c,Pre-bleach,0.264004962,0.004987636,-2.302105212,0.509,0.997731234,0.988140487,2,0,NaN,17/11/2019,D,0.952448892,41
S.siderea,Bleached,2-41-c,Pre-outplant,0.469390352,0.008782577,-2.056378016,0.239,1,1,2,NaN,78,05/03/2020,D,1,41
S.siderea,Bleached,2-41-c,Recovery,0.057705798,0.00107971,-2.966692723,0.187,1,1,2,NaN,31,19/01/2020,D,1,41
S.siderea,Bleached,2-41-d,Post-bleach,0.002933543,5.49E-05,-4.260519645,9.40E-02,1,1,2,13.29,NaN,19/12/2019,D,0.998917672,41
S.siderea,Bleached,2-41-d,Pre-bleach,0.078014562,0.001609487,-2.793312406,0.539,0.976013385,0.88518018,2,0,NaN,17/11/2019,D,0.952448892,41
S.siderea,Bleached,2-41-d,Pre-outplant,0.437501568,0.008185919,-2.086932561,0.238,1,1,2,NaN,78,05/03/2020,D,1,41
S.siderea,Bleached,2-41-d,Recovery,0.040578521,0.000759249,-3.119615961,0.172,1,1,2,NaN,31,19/01/2020,D,1,41
S.siderea,Bleached,2-48-a,Post-bleach,0,0,-6.5,0.202,NaN,NA,1,10.64,NaN,21/06/2019,NA,NA,48
S.siderea,Bleached,2-48-a,Pre-bleach,4.57E-04,0,-6.5,0.476,0.97479981,NA,1,0,NaN,22/05/2019,NA,NA,48
S.siderea,Bleached,2-48-a,Pre-outplant,0,0,-6.5,0.31,NaN,NA,1,NaN,54,14/08/2019,NA,NA,48
S.siderea,Bleached,2-48-a,Recovery,0,0,-6.5,0.337,NaN,NA,1,NaN,31,22/07/2019,NA,NA,48
S.siderea,Bleached,2-48-b,Post-bleach,0,0,-6.5,0.224,NaN,NA,1,10.64,NaN,21/06/2019,NA,NA,48
S.siderea,Bleached,2-48-b,Pre-bleach,4.99E-06,0,-6.5,0.495,0,NA,1,0,NaN,22/05/2019,NA,NA,48
S.siderea,Bleached,2-48-b,Pre-outplant,5.94E-04,2.19E-06,-5.660339064,0.307,0.962718929,0,1,NaN,54,14/08/2019,NA,NA,48
S.siderea,Bleached,2-48-b,Recovery,0,0,-6.5,0.375,NaN,NA,1,NaN,31,22/07/2019,NA,NA,48
S.siderea,Bleached,2-48-c,Post-bleach,0,0,-6.5,3.36E-01,NaN,NA,2,12,NaN,17/12/2019,NA,NA,48
S.siderea,Bleached,2-48-c,Pre-bleach,0,0,-6.5,0.532,NaN,NA,2,0,NaN,17/11/2019,NA,NA,48
S.siderea,Bleached,2-48-c,Pre-outplant,0.012064779,0.000226465,-3.644998098,0.162,0.999248107,0.996044208,2,NaN,80,05/03/2020,NA,NA,48
S.siderea,Bleached,2-48-c,Recovery,0,0,-6.5,0.292,NaN,NA,2,NaN,31,17/01/2020,NA,NA,48
S.siderea,Bleached,2-48-d,Post-bleach,0,0,-6.5,2.47E-01,NaN,NA,2,12,NaN,17/12/2019,NA,NA,48
S.siderea,Bleached,2-48-d,Pre-bleach,0,0,-6.5,0.546,NaN,NA,2,0,NaN,17/11/2019,NA,NA,48
S.siderea,Bleached,2-48-d,Pre-outplant,0.140359339,0.002628831,-2.580237294,0.186,0.999766524,0.998768934,2,NaN,80,05/03/2020,NA,NA,48
S.siderea,Bleached,2-48-d,Recovery,0,0,-6.5,0.275,NaN,NA,2,NaN,31,17/01/2020,NA,NA,48
M.cavernosa,Bleached,3-100-a,Post-bleach,0.018829147,0.00174702,-2.757702231,0.134,0,0,1,5.36,NaN,07/06/2019,C,0.037037037,100
M.cavernosa,Bleached,3-100-a,Pre-bleach,0.034966361,0.003244274,-2.488882445,0.548,0,0,1,0,NaN,22/05/2019,C,0.001442875,100
M.cavernosa,Bleached,3-100-a,Pre-outplant,0.145750004,0.013523082,-1.868924309,0.282,0.996842401,0.996842401,1,NaN,66,14/08/2019,C,0.938948279,100
M.cavernosa,Bleached,3-100-a,Recovery,0.003240544,0.000300666,-3.521915008,0.376,0.938906619,0.938906619,1,NaN,31,10/07/2019,C,0.439014519,100
M.cavernosa,Bleached,3-100-b,Post-bleach,0.026435336,0.002452742,-2.610348048,0.172,0,0,1,5.36,NaN,07/06/2019,C,0.037037037,100
M.cavernosa,Bleached,3-100-b,Pre-bleach,0.014599993,0.001354627,-2.868180239,0.549,0,0,1,0,NaN,22/05/2019,C,0.001442875,100
M.cavernosa,Bleached,3-100-b,Pre-outplant,0.262202829,0.024327893,-1.613895511,0.315,0.988114418,0.988114418,1,NaN,66,14/08/2019,C,0.938948279,100
M.cavernosa,Bleached,3-100-b,Recovery,8.51E-04,7.90E-05,-4.102553736,0.368,0,0,1,NaN,31,10/07/2019,C,0.439014519,100
M.cavernosa,Bleached,3-100-c,Post-bleach,0.004559564,0.000423049,-3.373609602,0.155,0,0,2,6.43,NaN,06/12/2019,C,0.037037037,100
M.cavernosa,Bleached,3-100-c,Pre-bleach,0.171836865,0.015943492,-1.797416545,0.571,0,0,2,0,NaN,17/11/2019,C,0.001442875,100
M.cavernosa,Bleached,3-100-c,Pre-outplant,0.11403144,0.010580148,-1.975508276,0.23,0.998961938,0.998961938,2,NaN,91,05/03/2020,C,0.938948279,100
M.cavernosa,Bleached,3-100-c,Recovery,0.002947381,0.000273466,-3.563096623,0.254,0.984085758,0.984085758,2,NaN,31,06/01/2020,C,0.439014519,100
M.cavernosa,Control,3-100-d,Post-bleach,0.120876985,0.011215296,-1.950189267,NA,0,0,2,NaN,NaN,06/12/2019,NA,NA,100
M.cavernosa,Control,3-100-d,Pre-bleach,0.084150257,0.00780769,-2.10747744,NA,0,0,2,NaN,NaN,17/11/2019,NA,NA,100
M.cavernosa,Control,3-100-d,Pre-outplant,0.018059739,0.001675632,-2.775821425,NA,0.093304104,0.093304104,2,NaN,NaN,05/03/2020,NA,NA,100
M.cavernosa,Control,3-2-a,Post-bleach,0.210313226,0.019513434,-1.709666301,NA,0,0,1,NaN,NaN,07/06/2019,NA,NA,2
M.cavernosa,Control,3-2-a,Pre-bleach,0.041668803,0.003866145,-2.412721856,NA,0,0,1,NaN,NaN,22/05/2019,NA,NA,2
M.cavernosa,Control,3-2-a,Pre-outplant,0.144497004,0.013406825,-1.872674043,NA,0,0,1,NaN,NaN,14/08/2019,NA,NA,2
M.cavernosa,Bleached,3-2-b,Post-bleach,0.170295413,0.015800472,-1.801329934,0.14,0,0,1,5.36,NaN,07/06/2019,C,0.037037037,2
M.cavernosa,Bleached,3-2-b,Pre-bleach,0.218864744,0.020306867,-1.692357076,0.539,0,0,1,0,NaN,22/05/2019,C,0.001442875,2
M.cavernosa,Bleached,3-2-b,Pre-outplant,0.663927193,0.061600973,-1.210412429,0.295,0.993029323,0.993029323,1,NaN,66,14/08/2019,C,0.938948279,2
M.cavernosa,Bleached,3-2-b,Recovery,0.028005868,0.000200531,-3.697818907,0.325,0.922827077,0,1,NaN,31,10/07/2019,C,0.439014519,2
M.cavernosa,Bleached,3-2-c,Post-bleach,0,0,-6.5,0.243,NaN,NA,2,7.86,NaN,09/12/2019,C,0.037037037,2
M.cavernosa,Bleached,3-2-c,Pre-bleach,0.193192566,0.017924932,-1.746542475,0.571,0,0,2,0,NaN,17/11/2019,C,0.001442875,2
M.cavernosa,Bleached,3-2-c,Pre-outplant,0.133369915,0.012374424,-1.907475011,0.294,1,1,2,NaN,88,05/03/2020,C,0.938948279,2
M.cavernosa,Bleached,3-2-c,Recovery,0,0,-6.5,0.331,NaN,NA,2,NaN,31,09/01/2020,C,0.439014519,2
M.cavernosa,Bleached,3-2-d,Post-bleach,6.29E-06,5.84E-07,-6.233846106,2.30E-01,0,0,2,7.86,NaN,09/12/2019,C,0.037037037,2
M.cavernosa,Bleached,3-2-d,Pre-bleach,0.18590165,0.017248461,-1.76324964,0.564,0,0,2,0,NaN,17/11/2019,C,0.001442875,2
M.cavernosa,Bleached,3-2-d,Recovery,0,0,-6.5,0.323,NaN,NA,2,NaN,31,09/01/2020,C,0.439014519,2
M.cavernosa,Control,3-27-a,Post-bleach,0.474872291,0.044059944,-1.355956056,NA,0,0,1,NaN,NaN,07/06/2019,NA,NA,27
M.cavernosa,Control,3-27-a,Pre-bleach,0.060964427,0.005656446,-2.247456388,NA,0,0,1,NaN,NaN,22/05/2019,NA,NA,27
M.cavernosa,Control,3-27-a,Pre-outplant,0.340236891,0.031568105,-1.500751484,NA,0,0,1,NaN,NaN,14/08/2019,NA,NA,27
M.cavernosa,Bleached,3-27-b,Post-bleach,0.024528647,0.002275835,-2.642859287,0.24,0,0,1,5.36,NaN,07/06/2019,C,0.037037037,27
M.cavernosa,Bleached,3-27-b,Pre-bleach,0.040910401,0.003795778,-2.420699151,0.569,0,0,1,0,NaN,22/05/2019,C,0.001442875,27
M.cavernosa,Bleached,3-27-b,Pre-outplant,0.21721382,0.02015369,-1.695645433,0.306,0.998488262,0.998488262,1,NaN,66,14/08/2019,C,0.938948279,27
M.cavernosa,Bleached,3-27-b,Recovery,0.023594545,0.002189166,-2.659721278,0.352,0.935563841,0.935563841,1,NaN,31,10/07/2019,C,0.439014519,27
M.cavernosa,Bleached,3-27-c,Post-bleach,0.003459098,0.000320945,-3.493570055,0.162,0,0,2,6.43,NaN,06/12/2019,C,0.037037037,27
M.cavernosa,Bleached,3-27-c,Pre-bleach,0.882771209,0.081905917,-1.086684725,0.586,0,0,2,0,NaN,17/11/2019,C,0.001442875,27
M.cavernosa,Bleached,3-27-c,Pre-outplant,0.955298487,0.088635195,-1.052393795,0.182,0.999640797,0.999640797,2,NaN,91,05/03/2020,C,0.938948279,27
M.cavernosa,Bleached,3-27-c,Recovery,0,0,-6.5,0.285,NaN,NA,2,NaN,31,06/01/2020,C,0.439014519,27
M.cavernosa,Bleached,3-27-d,Post-bleach,3.37E-04,3.13E-05,-4.504428781,3.10E-01,0,0,2,7.86,NaN,09/12/2019,C,0.037037037,27
M.cavernosa,Bleached,3-27-d,Pre-bleach,0.268894375,0.024948752,-1.602951167,0.565,0,0,2,0,NaN,17/11/2019,C,0.001442875,27
M.cavernosa,Bleached,3-27-d,Pre-outplant,1.045726206,0.097025325,-1.013114894,0.299,1,1,2,NaN,88,05/03/2020,C,0.938948279,27
M.cavernosa,Bleached,3-27-d,Recovery,0.020312409,0.001884641,-2.724771449,0.276,1,1,2,NaN,31,09/01/2020,C,0.439014519,27
M.cavernosa,Bleached,3-28-a,Post-bleach,0.009281743,0.000861185,-3.064903341,0.18,0,0,1,8.07,NaN,23/06/2019,C,0.037037037,28
M.cavernosa,Bleached,3-28-a,Pre-bleach,NaN,NA,NA,0.537,0,0,1,0,NaN,22/05/2019,C,0.001442875,28
M.cavernosa,Bleached,3-28-a,Pre-outplant,0.679367699,0.063022254,-1.200506066,0.295,0.999820242,1,1,NaN,52,14/08/2019,C,0.938948279,28
M.cavernosa,Bleached,3-28-a,Recovery,0.004724919,0.000438391,-3.35813856,0.287,1,1,1,NaN,31,24/07/2019,C,0.439014519,28
M.cavernosa,Bleached,3-28-b,Post-bleach,0.001887394,0.000175118,-3.756670271,0.111,0,0,1,9.07,NaN,25/06/2019,C,0.037037037,28
M.cavernosa,Bleached,3-28-b,Pre-bleach,NaN,NA,NA,0.533,0,0,1,0,NaN,22/05/2019,C,0.001442875,28
M.cavernosa,Bleached,3-28-b,Pre-outplant,0.244093397,0.02264765,-1.644976855,0.287,1,1,1,NaN,50,14/08/2019,C,0.938948279,28
M.cavernosa,Bleached,3-28-b,Recovery,0.001329874,0.000123389,-3.908722422,0.262,1,1,1,NaN,31,26/07/2019,C,0.439014519,28
M.cavernosa,Bleached,3-28-c,Post-bleach,0,0,-6.5,0.347,NaN,NA,2,7.86,NaN,09/12/2019,C,0.037037037,28
M.cavernosa,Bleached,3-28-c,Pre-bleach,0.089288085,0.008284392,-2.081739375,0.568,0,0,2,0,NaN,17/11/2019,C,0.001442875,28
M.cavernosa,Bleached,3-28-c,Pre-outplant,0.418790487,0.038856522,-1.410536078,0.258,0.99944882,0.99944882,2,NaN,88,05/03/2020,C,0.938948279,28
M.cavernosa,Bleached,3-28-c,Recovery,0,0,-6.5,0.364,NaN,NA,2,NaN,31,09/01/2020,C,0.439014519,28
M.cavernosa,Control,3-28-d,Post-bleach,0.080750303,0.007492233,-2.125388725,NA,0,0,2,NaN,NaN,06/12/2019,NA,NA,28
M.cavernosa,Control,3-28-d,Pre-bleach,0.124533991,0.011554603,-1.937244978,NA,0,0,2,NaN,NaN,17/11/2019,NA,NA,28
M.cavernosa,Control,3-28-d,Pre-outplant,0.038025512,0.003528111,-2.452457815,NA,0,0,2,NaN,NaN,05/03/2020,NA,NA,28
M.cavernosa,Bleached,3-39-a,Post-bleach,0.258119579,0.023949037,-1.620711937,0.188,0,0,1,5.36,NaN,07/06/2019,C,0.037037037,39
M.cavernosa,Bleached,3-39-a,Pre-bleach,0.211262921,0.019601549,-1.707709606,0.553,0,0,1,0,NaN,22/05/2019,C,0.001442875,39
M.cavernosa,Bleached,3-39-a,Pre-outplant,0.069890444,0.006484626,-2.188115089,0.448,0.24430684,0.24430684,1,NaN,66,14/08/2019,C,0.938948279,39
M.cavernosa,Bleached,3-39-a,Recovery,0.062485483,0.005797573,-2.236753754,0.464,0.066354601,0.066354601,1,NaN,31,10/07/2019,C,0.439014519,39
M.cavernosa,Bleached,3-39-b,Post-bleach,0.098899805,0.009176193,-2.037337451,0.222,0,0,1,5.36,NaN,07/06/2019,C,0.037037037,39
M.cavernosa,Bleached,3-39-b,Pre-bleach,0.110211533,0.009440713,-2.024995221,0.546,0.076768489,0,1,0,NaN,22/05/2019,C,0.001442875,39
M.cavernosa,Bleached,3-39-b,Pre-outplant,0.086321762,0.008009168,-2.096412586,0.397,0.251152761,0.251152761,1,NaN,66,14/08/2019,C,0.938948279,39
M.cavernosa,Bleached,3-39-b,Recovery,0.010445744,0.000969185,-3.013593487,0.415,0.168923979,0.168923979,1,NaN,31,10/07/2019,C,0.439014519,39
M.cavernosa,Bleached,3-39-c,Post-bleach,0.002474086,0.000229552,-3.639118058,0.21,0,0,2,6.43,NaN,06/12/2019,C,0.037037037,39
M.cavernosa,Bleached,3-39-c,Pre-bleach,0.387055266,0.035912042,-1.444759905,0.503,0,0,2,0,NaN,17/11/2019,C,0.001442875,39
M.cavernosa,Bleached,3-39-c,Pre-outplant,0.24202914,0.022456123,-1.648665228,0.258,0.998789466,0.998789466,2,NaN,91,05/03/2020,C,0.938948279,39
M.cavernosa,Bleached,3-39-c,Recovery,0,0,-6.5,0.271,NaN,NA,2,NaN,31,06/01/2020,C,0.439014519,39
M.cavernosa,Bleached,3-39-d,Post-bleach,0.007777981,0.000721662,-3.14166599,0.182,0,0,2,6.43,NaN,06/12/2019,C,0.037037037,39
M.cavernosa,Bleached,3-39-d,Pre-bleach,0.167834532,0.015572145,-1.807651564,0.531,0,0,2,0,NaN,17/11/2019,C,0.001442875,39
M.cavernosa,Bleached,3-39-d,Pre-outplant,0.425931106,0.039519048,-1.403193527,0.309,0.998831463,0.998831463,2,NaN,91,05/03/2020,C,0.938948279,39
M.cavernosa,Bleached,3-39-d,Recovery,0.04333182,0.004020444,-2.39572595,0.261,0.99064119,0.99064119,2,NaN,31,06/01/2020,C,0.439014519,39
M.cavernosa,Control,3-67-a,Post-bleach,0.359013869,0.033310284,-1.477421659,NA,0,0,1,NaN,NaN,07/06/2019,NA,NA,67
M.cavernosa,Control,3-67-a,Pre-bleach,0.039985243,0.00370994,-2.43063314,NA,0,0,1,NaN,NaN,22/05/2019,NA,NA,67
M.cavernosa,Control,3-67-a,Pre-outplant,0.037191364,0.003450716,-2.462090775,NA,0,0,1,NaN,NaN,14/08/2019,NA,NA,67
M.cavernosa,Bleached,3-67-b,Post-bleach,0.09040908,0.008388401,-2.076320836,0.207,0,0,1,6.07,NaN,09/06/2019,C,0.037037037,67
M.cavernosa,Bleached,3-67-b,Pre-bleach,0.147942809,0.013726537,-1.862439024,0.532,0,0,1,0,NaN,22/05/2019,C,0.001442875,67
M.cavernosa,Bleached,3-67-b,Pre-outplant,0.262630051,0.024367531,-1.613188466,0.244,0.96319597,0.96319597,1,NaN,66,14/08/2019,C,0.938948279,67
M.cavernosa,Bleached,3-67-b,Recovery,9.26E-04,8.59E-05,-4.065828077,0.195,0,0,1,NaN,31,10/07/2019,C,0.439014519,67
M.cavernosa,Bleached,3-67-c,Post-bleach,8.92E-05,8.27E-06,-5.082406372,3.35E-01,0,0,2,7.86,NaN,09/12/2019,C,0.037037037,67
M.cavernosa,Bleached,3-67-c,Pre-bleach,0.295680598,0.027434051,-1.561710058,0.61,0,0,2,0,NaN,17/11/2019,C,0.001442875,67
M.cavernosa,Bleached,3-67-c,Pre-outplant,0.065244729,0.006053584,-2.217987451,0.339,1,1,2,NaN,88,05/03/2020,C,0.938948279,67
M.cavernosa,Bleached,3-67-c,Recovery,0,0,-6.5,0.384,NaN,NA,2,NaN,31,09/01/2020,C,0.439014519,67
M.cavernosa,Bleached,3-67-d,Post-bleach,1.58E-04,1.47E-05,-4.833605081,2.79E-01,0,0,2,7.86,NaN,09/12/2019,C,0.037037037,67
M.cavernosa,Bleached,3-67-d,Pre-bleach,0.040291281,0.003738335,-2.42732181,0.58,0,0,2,0,NaN,17/11/2019,C,0.001442875,67
M.cavernosa,Bleached,3-67-d,Pre-outplant,0.102385837,0.009499637,-2.022292998,0.308,0.990972618,0.990972618,2,NaN,88,05/03/2020,C,0.938948279,67
M.cavernosa,Bleached,3-67-d,Recovery,0,0,-6.5,0.348,NaN,NA,2,NaN,31,09/01/2020,C,0.439014519,67
M.cavernosa,Bleached,3-68-a,Post-bleach,0.007407033,0.000687245,-3.162888605,0.08,0,0,1,9.07,NaN,25/06/2019,C,0.037037037,68
M.cavernosa,Bleached,3-68-a,Pre-bleach,0.01979955,0.001837056,-2.735877556,0.545,0,0,1,0,NaN,22/05/2019,C,0.001442875,68
M.cavernosa,Bleached,3-68-a,Pre-outplant,0.012052742,0,-6.5,0.286,1,NA,1,NaN,50,14/08/2019,C,0.938948279,68
M.cavernosa,Bleached,3-68-a,Recovery,0,0,-6.5,0.29,NaN,NA,1,NaN,31,26/07/2019,C,0.439014519,68
M.cavernosa,Control,3-68-b,Post-bleach,0.52217724,0.048449026,-1.314714946,NA,0,0,1,NaN,NaN,07/06/2019,NA,NA,68
M.cavernosa,Control,3-68-b,Pre-bleach,0.029230362,0.002712073,-2.566698698,NA,0,0,1,NaN,NaN,22/05/2019,NA,NA,68
M.cavernosa,Control,3-68-b,Pre-outplant,0.184297893,0.01709966,-1.767012515,NA,0,0,1,NaN,NaN,14/08/2019,NA,NA,68
M.cavernosa,Bleached,3-68-c,Post-bleach,8.38E-04,7.77E-05,-4.109477426,3.01E-01,0,0,2,9.36,NaN,12/12/2019,C,0.037037037,68
M.cavernosa,Bleached,3-68-c,Pre-bleach,0.238921979,0.022167832,-1.654276782,0.557,0,0,2,0,NaN,17/11/2019,C,0.001442875,68
M.cavernosa,Bleached,3-68-c,Pre-outplant,0.009853429,0.000914228,-3.038945497,0.415,0.995272576,0.995272576,2,NaN,85,05/03/2020,C,0.938948279,68
M.cavernosa,Bleached,3-68-c,Recovery,0,0,-6.5,0.373,NaN,NA,2,NaN,31,12/01/2020,C,0.439014519,68
M.cavernosa,Control,3-68-d,Post-bleach,0.020683318,0.001919055,-2.716912666,NA,0,0,2,NaN,NaN,06/12/2019,NA,NA,68
M.cavernosa,Control,3-68-d,Pre-bleach,0.092117016,0.008546868,-2.068193026,NA,0,0,2,NaN,NaN,17/11/2019,NA,NA,68
M.cavernosa,Control,3-68-d,Pre-outplant,0.082047972,0.007612634,-2.118465035,NA,0,0,2,NaN,NaN,05/03/2020,NA,NA,68
M.cavernosa,Bleached,3-71-a,Post-bleach,0.053776195,0.004989502,-2.301942817,0.155,0,0,1,5.36,NaN,07/06/2019,C,0.037037037,71
M.cavernosa,Bleached,3-71-a,Pre-bleach,0.056469336,0.005239379,-2.280720203,0.536,0,0,1,0,NaN,22/05/2019,C,0.001442875,71
M.cavernosa,Bleached,3-71-a,Pre-outplant,0.048872409,0.004534515,-2.343469139,0.309,0.963489697,0.963489697,1,NaN,66,14/08/2019,C,0.938948279,71
M.cavernosa,Bleached,3-71-a,Recovery,0.002166544,0.000201018,-3.696765302,0.353,0,0,1,NaN,31,10/07/2019,C,0.439014519,71
M.cavernosa,Bleached,3-71-b,Post-bleach,0.014299529,0.001326749,-2.877211139,0.153,0,0,1,5.36,NaN,07/06/2019,C,0.037037037,71
M.cavernosa,Bleached,3-71-b,Pre-bleach,0.018894517,0.001753085,-2.756197081,0.501,0,0,1,0,NaN,22/05/2019,C,0.001442875,71
M.cavernosa,Bleached,3-71-b,Pre-outplant,0.104694087,0.009713803,-2.012610729,0.24,0.980611304,0.980611304,1,NaN,66,14/08/2019,C,0.938948279,71
M.cavernosa,Bleached,3-71-b,Recovery,0.001048914,9.73E-05,-4.011793193,0.362,0,0,1,NaN,31,10/07/2019,C,0.439014519,71
M.cavernosa,Bleached,3-71-c,Post-bleach,4.06E-04,3.77E-05,-4.423935259,3.34E-01,1,1,2,7.86,NaN,09/12/2019,C,0.037037037,71
M.cavernosa,Bleached,3-71-c,Pre-bleach,0.048147726,0.004467277,-2.349957102,0.542,0,0,2,0,NaN,17/11/2019,C,0.001442875,71
M.cavernosa,Bleached,3-71-c,Pre-outplant,0.017904986,0.001661273,-2.779558908,0.383,1,1,2,NaN,88,05/03/2020,C,0.938948279,71
M.cavernosa,Bleached,3-71-c,Recovery,0,0,-6.5,0.384,NaN,NA,2,NaN,31,09/01/2020,C,0.439014519,71
M.cavernosa,Bleached,3-71-d,Post-bleach,7.39E-04,6.85E-05,-4.16411437,2.93E-01,0,0,2,9.36,NaN,12/12/2019,C,0.037037037,71
M.cavernosa,Bleached,3-71-d,Pre-bleach,2.683491805,0.248981677,-0.603832612,0.559,0,0,2,0,NaN,17/11/2019,C,0.001442875,71
M.cavernosa,Bleached,3-71-d,Pre-outplant,0.015415283,0.001430272,-2.844581387,0.334,1,1,2,NaN,85,05/03/2020,C,0.938948279,71
M.cavernosa,Bleached,3-71-d,Recovery,2.07E-05,1.92E-06,-5.715923998,0.347,0,0,2,NaN,31,12/01/2020,C,0.439014519,71
M.cavernosa,Bleached,3-72-a,Post-bleach,0.380405888,0.035295094,-1.452285655,0.171,0,0,1,5.36,NaN,07/06/2019,C,0.037037037,72
M.cavernosa,Bleached,3-72-a,Pre-bleach,0.59899318,0.055576218,-1.255111007,0.533,0,0,1,0,NaN,22/05/2019,C,0.001442875,72
M.cavernosa,Bleached,3-72-a,Pre-outplant,2.662136419,0.247000266,-0.607302578,0.313,0.994070908,0.994070908,1,NaN,66,14/08/2019,C,0.938948279,72
M.cavernosa,Bleached,3-72-a,Recovery,9.60E-04,8.91E-05,-4.050174517,0.337,0,0,1,NaN,31,10/07/2019,C,0.439014519,72
M.cavernosa,Bleached,3-72-b,Post-bleach,0.089411951,0.008295884,-2.081137315,0.143,0,0,1,5.36,NaN,07/06/2019,C,0.037037037,72
M.cavernosa,Bleached,3-72-b,Pre-bleach,0.27170471,0.025209503,-1.598435717,0.545,0,0,1,0,NaN,22/05/2019,C,0.001442875,72
M.cavernosa,Bleached,3-72-b,Pre-outplant,5.428106533,0.503634506,-0.297884523,0.292,0.99899969,0.99899969,1,NaN,66,14/08/2019,C,0.938948279,72
M.cavernosa,Bleached,3-72-b,Recovery,0.007120048,4.71E-05,-4.327423143,0.312,0.928775925,0,1,NaN,31,10/07/2019,C,0.439014519,72
M.cavernosa,Bleached,3-72-c,Post-bleach,0.002246059,0.000208395,-3.681111742,3.13E-01,0,0,2,7.86,NaN,09/12/2019,C,0.037037037,72
M.cavernosa,Bleached,3-72-c,Pre-bleach,0.075569729,0.007011565,-2.154185021,0.565,0.043286258,0.043286258,2,0,NaN,17/11/2019,C,0.001442875,72
M.cavernosa,Bleached,3-72-c,Pre-outplant,0.520693092,0.048311323,-1.315951069,0.296,1,1,2,NaN,88,05/03/2020,C,0.938948279,72
M.cavernosa,Bleached,3-72-c,Recovery,0.027327649,0.002535534,-2.595930611,0.27,1,1,2,NaN,31,09/01/2020,C,0.439014519,72
M.cavernosa,Control,3-72-d,Post-bleach,0.282654483,0.026225453,-1.581277008,NA,0,0,2,NaN,NaN,06/12/2019,NA,NA,72
M.cavernosa,Control,3-72-d,Pre-bleach,0.146971821,0.013636446,-1.865298809,NA,0,0,2,NaN,NaN,17/11/2019,NA,NA,72
M.cavernosa,Control,3-72-d,Pre-outplant,0.137939876,0.012798437,-1.892843053,NA,0,0,2,NaN,NaN,05/03/2020,NA,NA,72
M.cavernosa,Control,3-87-a,Post-bleach,0.187844591,0.017428733,-1.75873419,NA,0,0,1,NaN,NaN,07/06/2019,NA,NA,87
M.cavernosa,Control,3-87-a,Pre-bleach,0.010912394,0.001012482,-2.994612837,NA,0,0,1,NaN,NaN,22/05/2019,NA,NA,87
M.cavernosa,Control,3-87-a,Pre-outplant,0.053720312,0.002789867,-2.554416453,NA,0,0,1,NaN,NaN,14/08/2019,NA,NA,87
M.cavernosa,Bleached,3-87-b,Post-bleach,0.093662248,0.008690238,-2.060968306,0.248,0,0,1,5.36,NaN,07/06/2019,C,0.037037037,87
M.cavernosa,Bleached,3-87-b,Pre-bleach,0.004553247,0.000422463,-3.374211662,0.518,0,0,1,0,NaN,22/05/2019,C,0.001442875,87
M.cavernosa,Bleached,3-87-b,Pre-outplant,0.030068823,0.004984317,-2.302394362,0.248,0.936332573,0.936332573,1,NaN,66,14/08/2019,C,0.938948279,87
M.cavernosa,Bleached,3-87-b,Recovery,0.001051591,9.76E-05,-4.010686205,0.18,0.256799866,0.256799866,1,NaN,31,10/07/2019,C,0.439014519,87
M.cavernosa,Bleached,3-87-c,Post-bleach,0,0,-6.5,3.24E-01,NaN,NA,2,7.86,NaN,09/12/2019,C,0.037037037,87
M.cavernosa,Bleached,3-87-c,Pre-bleach,0.204491316,0.018973261,-1.721858016,0.549,0,0,2,0,NaN,17/11/2019,C,0.001442875,87
M.cavernosa,Bleached,3-87-c,Pre-outplant,0.049206925,0.004565552,-2.34050666,0.252,1,1,2,NaN,88,05/03/2020,C,0.938948279,87
M.cavernosa,Bleached,3-87-c,Recovery,0,0,-6.5,0.33,NaN,NA,2,NaN,31,09/01/2020,C,0.439014519,87
M.cavernosa,Control,3-87-d,Post-bleach,0.04099556,0.00380368,-2.419796061,NA,0,0,2,NaN,NaN,06/12/2019,NA,NA,87
M.cavernosa,Control,3-87-d,Pre-bleach,0.425022606,0.039434755,-1.404120855,NA,0,0,2,NaN,NaN,17/11/2019,NA,NA,87
M.cavernosa,Control,3-87-d,Pre-outplant,0.010107791,0.000937828,-3.027876652,NA,0,0,2,NaN,NaN,05/03/2020,NA,NA,87