Date,Temp,Weeks,Weeks2
18/08/2019,30.659,0,NA
18/08/2019,30.457,0,NA
18/08/2019,30.963,0,NA
18/08/2019,31.064,0,NA
18/08/2019,30.963,0,NA
18/08/2019,30.963,0,NA
18/08/2019,31.166,0,NA
18/08/2019,31.268,0,NA
18/08/2019,31.676,0,NA
18/08/2019,31.88,0,NA
18/08/2019,31.268,0,NA
18/08/2019,30.963,0,NA
19/08/2019,31.064,0,NA
19/08/2019,30.963,0,NA
19/08/2019,30.862,0,NA
19/08/2019,30.862,0,NA
19/08/2019,30.963,0,NA
19/08/2019,31.166,0,NA
19/08/2019,31.268,0,NA
19/08/2019,31.166,0,NA
19/08/2019,31.574,0,NA
19/08/2019,31.472,0,NA
19/08/2019,31.166,0,NA
19/08/2019,31.166,0,NA
20/08/2019,31.064,0,NA
20/08/2019,31.064,0,NA
20/08/2019,30.963,0,NA
20/08/2019,30.862,0,NA
20/08/2019,30.862,0,NA
20/08/2019,31.064,0,NA
20/08/2019,31.268,0,NA
20/08/2019,31.166,0,NA
20/08/2019,31.166,0,NA
20/08/2019,30.963,0,NA
20/08/2019,30.862,0,NA
20/08/2019,30.862,0,NA
21/08/2019,30.862,0,NA
21/08/2019,30.862,0,NA
21/08/2019,30.862,0,NA
21/08/2019,30.659,0,NA
21/08/2019,30.659,0,NA
21/08/2019,30.659,0,NA
21/08/2019,30.659,0,NA
21/08/2019,31.166,0,NA
21/08/2019,31.166,0,NA
21/08/2019,31.064,0,NA
21/08/2019,30.862,0,NA
21/08/2019,30.862,0,NA
22/08/2019,30.659,0,NA
22/08/2019,30.255,0,NA
22/08/2019,30.558,0,NA
22/08/2019,30.76,0,NA
22/08/2019,30.76,0,NA
22/08/2019,30.963,0,NA
22/08/2019,30.862,0,NA
22/08/2019,30.963,0,NA
22/08/2019,31.166,0,NA
22/08/2019,30.963,0,NA
22/08/2019,30.963,0,NA
22/08/2019,30.963,0,NA
23/08/2019,30.862,0,NA
23/08/2019,30.659,0,NA
23/08/2019,30.558,0,NA
23/08/2019,30.558,0,NA
23/08/2019,30.659,0,NA
23/08/2019,30.659,0,NA
23/08/2019,30.76,0,NA
23/08/2019,30.76,0,NA
23/08/2019,30.76,0,NA
23/08/2019,30.862,0,NA
23/08/2019,30.862,0,NA
23/08/2019,30.862,0,NA
24/08/2019,30.862,0,NA
24/08/2019,30.862,0,NA
24/08/2019,30.862,0,NA
24/08/2019,30.862,0,NA
24/08/2019,30.76,0,NA
24/08/2019,30.76,0,NA
24/08/2019,30.76,0,NA
24/08/2019,30.558,0,NA
24/08/2019,29.953,0,NA
24/08/2019,29.452,0,NA
24/08/2019,29.352,0,NA
24/08/2019,29.452,0,NA
25/08/2019,29.853,1,NA
25/08/2019,30.054,1,NA
25/08/2019,30.154,1,NA
25/08/2019,29.953,1,NA
25/08/2019,29.953,1,NA
25/08/2019,30.558,1,NA
25/08/2019,29.953,1,NA
25/08/2019,29.252,1,NA
25/08/2019,29.152,1,NA
25/08/2019,29.352,1,NA
25/08/2019,29.552,1,NA
25/08/2019,29.452,1,NA
26/08/2019,29.452,1,NA
26/08/2019,29.552,1,NA
26/08/2019,29.352,1,NA
26/08/2019,29.752,1,NA
26/08/2019,29.853,1,NA
26/08/2019,30.054,1,NA
26/08/2019,29.053,1,NA
26/08/2019,29.053,1,NA
26/08/2019,29.752,1,NA
26/08/2019,29.652,1,NA
26/08/2019,29.552,1,NA
26/08/2019,29.652,1,NA
27/08/2019,29.652,1,NA
27/08/2019,29.853,1,NA
27/08/2019,29.853,1,NA
27/08/2019,29.853,1,NA
27/08/2019,29.752,1,NA
27/08/2019,29.853,1,NA
27/08/2019,30.154,1,NA
27/08/2019,30.255,1,NA
27/08/2019,30.255,1,NA
27/08/2019,30.356,1,NA
27/08/2019,30.255,1,NA
27/08/2019,30.154,1,NA
28/08/2019,30.255,1,NA
28/08/2019,30.255,1,NA
28/08/2019,30.255,1,NA
28/08/2019,30.255,1,NA
28/08/2019,30.356,1,NA
28/08/2019,30.457,1,NA
28/08/2019,30.558,1,NA
28/08/2019,30.558,1,NA
28/08/2019,30.659,1,NA
28/08/2019,30.558,1,NA
28/08/2019,30.558,1,NA
28/08/2019,30.558,1,NA
29/08/2019,30.558,1,NA
29/08/2019,30.457,1,NA
29/08/2019,30.457,1,NA
29/08/2019,30.356,1,NA
29/08/2019,30.356,1,NA
29/08/2019,30.356,1,NA
29/08/2019,30.457,1,NA
29/08/2019,30.457,1,NA
29/08/2019,30.558,1,NA
29/08/2019,30.659,1,NA
29/08/2019,30.659,1,NA
29/08/2019,30.76,1,NA
30/08/2019,30.862,1,NA
30/08/2019,30.659,1,NA
30/08/2019,30.659,1,NA
30/08/2019,30.659,1,NA
30/08/2019,30.558,1,NA
30/08/2019,30.76,1,NA
30/08/2019,30.659,1,NA
30/08/2019,30.659,1,NA
30/08/2019,30.76,1,NA
30/08/2019,30.76,1,NA
30/08/2019,30.76,1,NA
30/08/2019,30.659,1,NA
31/08/2019,30.659,1,NA
31/08/2019,30.659,1,NA
31/08/2019,30.558,1,NA
31/08/2019,30.558,1,NA
31/08/2019,30.457,1,NA
31/08/2019,30.659,1,NA
31/08/2019,30.76,1,NA
31/08/2019,30.76,1,NA
31/08/2019,30.76,1,NA
31/08/2019,30.76,1,NA
31/08/2019,30.76,1,NA
31/08/2019,30.659,1,NA
01/09/2019,30.558,2,NA
01/09/2019,30.659,2,NA
01/09/2019,30.659,2,NA
01/09/2019,30.76,2,NA
01/09/2019,30.659,2,NA
01/09/2019,30.659,2,NA
01/09/2019,30.76,2,NA
01/09/2019,30.862,2,NA
01/09/2019,30.76,2,NA
01/09/2019,30.76,2,NA
01/09/2019,30.76,2,NA
01/09/2019,30.659,2,NA
02/09/2019,30.659,2,NA
02/09/2019,30.558,2,NA
02/09/2019,30.457,2,NA
02/09/2019,30.356,2,NA
02/09/2019,30.356,2,NA
02/09/2019,30.356,2,NA
02/09/2019,30.356,2,NA
02/09/2019,30.356,2,NA
02/09/2019,30.356,2,NA
02/09/2019,30.255,2,NA
02/09/2019,30.255,2,NA
02/09/2019,30.154,2,NA
03/09/2019,30.154,2,NA
03/09/2019,30.054,2,NA
03/09/2019,29.953,2,NA
03/09/2019,29.953,2,NA
03/09/2019,29.953,2,NA
03/09/2019,30.154,2,NA
03/09/2019,30.255,2,NA
03/09/2019,30.356,2,NA
03/09/2019,30.356,2,NA
03/09/2019,30.255,2,NA
03/09/2019,30.154,2,NA
03/09/2019,30.154,2,NA
04/09/2019,30.054,2,NA
04/09/2019,30.054,2,NA
04/09/2019,30.054,2,NA
04/09/2019,29.953,2,NA
04/09/2019,29.853,2,NA
04/09/2019,29.953,2,NA
04/09/2019,30.255,2,NA
04/09/2019,30.356,2,NA
04/09/2019,30.356,2,NA
04/09/2019,30.356,2,NA
04/09/2019,30.255,2,NA
04/09/2019,30.255,2,NA
05/09/2019,30.054,2,NA
05/09/2019,29.853,2,NA
05/09/2019,29.853,2,NA
05/09/2019,29.853,2,NA
05/09/2019,29.853,2,NA
05/09/2019,29.853,2,NA
05/09/2019,29.752,2,NA
05/09/2019,29.853,2,NA
05/09/2019,29.752,2,NA
05/09/2019,29.853,2,NA
05/09/2019,29.752,2,NA
05/09/2019,29.752,2,NA
06/09/2019,29.652,2,NA
06/09/2019,29.552,2,NA
06/09/2019,29.552,2,NA
06/09/2019,29.552,2,NA
06/09/2019,29.552,2,NA
06/09/2019,29.552,2,NA
06/09/2019,29.652,2,NA
06/09/2019,29.652,2,NA
06/09/2019,29.652,2,NA
06/09/2019,29.552,2,NA
06/09/2019,29.552,2,NA
06/09/2019,29.552,2,NA
07/09/2019,29.552,2,NA
07/09/2019,29.552,2,NA
07/09/2019,29.452,2,NA
07/09/2019,29.452,2,NA
07/09/2019,29.552,2,NA
07/09/2019,29.652,2,NA
07/09/2019,29.652,2,NA
07/09/2019,29.652,2,NA
07/09/2019,29.552,2,NA
07/09/2019,29.452,2,NA
07/09/2019,29.452,2,NA
07/09/2019,29.552,2,NA
08/09/2019,29.752,3,NA
08/09/2019,29.652,3,NA
08/09/2019,29.452,3,NA
08/09/2019,29.352,3,NA
08/09/2019,29.252,3,NA
08/09/2019,29.352,3,NA
08/09/2019,29.552,3,NA
08/09/2019,29.752,3,NA
08/09/2019,29.853,3,NA
08/09/2019,29.853,3,NA
08/09/2019,29.752,3,NA
08/09/2019,29.853,3,NA
09/09/2019,29.953,3,NA
09/09/2019,29.853,3,NA
09/09/2019,29.752,3,NA
09/09/2019,30.054,3,NA
09/09/2019,29.953,3,NA
09/09/2019,30.054,3,NA
09/09/2019,30.154,3,NA
09/09/2019,30.356,3,NA
09/09/2019,30.457,3,NA
09/09/2019,30.659,3,NA
09/09/2019,30.558,3,NA
09/09/2019,30.457,3,NA
10/09/2019,30.255,3,NA
10/09/2019,30.356,3,NA
10/09/2019,30.356,3,NA
10/09/2019,30.558,3,NA
10/09/2019,30.558,3,NA
10/09/2019,30.457,3,NA
10/09/2019,30.558,3,NA
10/09/2019,30.558,3,NA
10/09/2019,30.76,3,NA
10/09/2019,30.76,3,NA
10/09/2019,30.659,3,NA
10/09/2019,30.659,3,NA
11/09/2019,30.558,3,NA
11/09/2019,30.457,3,NA
11/09/2019,30.356,3,NA
11/09/2019,30.356,3,NA
11/09/2019,30.457,3,NA
11/09/2019,30.558,3,NA
11/09/2019,30.558,3,NA
11/09/2019,30.558,3,NA
11/09/2019,30.659,3,NA
11/09/2019,30.659,3,NA
11/09/2019,30.558,3,NA
11/09/2019,30.457,3,NA
12/09/2019,30.356,3,NA
12/09/2019,30.255,3,NA
12/09/2019,30.255,3,NA
12/09/2019,30.255,3,NA
12/09/2019,30.255,3,NA
12/09/2019,30.356,3,NA
12/09/2019,30.255,3,NA
12/09/2019,30.154,3,NA
12/09/2019,30.255,3,NA
12/09/2019,30.255,3,NA
12/09/2019,30.356,3,NA
12/09/2019,30.356,3,NA
13/09/2019,30.255,3,NA
13/09/2019,30.154,3,NA
13/09/2019,30.054,3,NA
13/09/2019,30.054,3,NA
13/09/2019,30.154,3,NA
13/09/2019,30.255,3,NA
13/09/2019,30.255,3,NA
13/09/2019,30.356,3,NA
13/09/2019,30.356,3,NA
13/09/2019,30.356,3,NA
13/09/2019,30.255,3,NA
13/09/2019,30.154,3,NA
14/09/2019,30.054,3,NA
14/09/2019,30.054,3,NA
14/09/2019,29.953,3,NA
14/09/2019,29.953,3,NA
14/09/2019,29.953,3,NA
14/09/2019,30.054,3,NA
14/09/2019,30.154,3,NA
14/09/2019,30.255,3,NA
14/09/2019,30.255,3,NA
14/09/2019,30.356,3,NA
14/09/2019,30.255,3,NA
14/09/2019,30.356,3,NA
15/09/2019,30.255,4,NA
15/09/2019,30.154,4,NA
15/09/2019,29.953,4,NA
15/09/2019,29.853,4,NA
15/09/2019,30.255,4,NA
15/09/2019,30.255,4,NA
15/09/2019,30.356,4,NA
15/09/2019,30.356,4,NA
15/09/2019,30.356,4,NA
15/09/2019,30.356,4,NA
15/09/2019,30.356,4,NA
15/09/2019,30.356,4,NA
16/09/2019,30.255,4,NA
16/09/2019,30.356,4,NA
16/09/2019,30.255,4,NA
16/09/2019,30.255,4,NA
16/09/2019,30.255,4,NA
16/09/2019,30.255,4,NA
16/09/2019,30.255,4,NA
16/09/2019,30.356,4,NA
16/09/2019,30.457,4,NA
16/09/2019,30.457,4,NA
16/09/2019,30.356,4,NA
16/09/2019,30.457,4,NA
17/09/2019,30.457,4,NA
17/09/2019,30.457,4,NA
17/09/2019,30.457,4,NA
17/09/2019,30.457,4,NA
17/09/2019,30.356,4,NA
17/09/2019,30.356,4,NA
17/09/2019,30.457,4,NA
17/09/2019,30.457,4,NA
17/09/2019,30.558,4,NA
17/09/2019,30.659,4,NA
17/09/2019,30.659,4,NA
17/09/2019,30.659,4,NA
18/09/2019,30.457,4,NA
18/09/2019,30.457,4,NA
18/09/2019,30.356,4,NA
18/09/2019,30.356,4,NA
18/09/2019,30.356,4,NA
18/09/2019,30.356,4,NA
18/09/2019,30.356,4,NA
18/09/2019,30.457,4,NA
18/09/2019,30.558,4,NA
18/09/2019,30.457,4,NA
18/09/2019,30.356,4,NA
18/09/2019,30.255,4,NA
19/09/2019,30.054,4,NA
19/09/2019,30.054,4,NA
19/09/2019,29.953,4,NA
19/09/2019,29.752,4,NA
19/09/2019,29.652,4,NA
19/09/2019,29.853,4,NA
19/09/2019,29.953,4,NA
19/09/2019,30.154,4,NA
19/09/2019,30.255,4,NA
19/09/2019,29.953,4,NA
19/09/2019,29.752,4,NA
19/09/2019,29.752,4,NA
20/09/2019,29.752,4,NA
20/09/2019,29.752,4,NA
20/09/2019,29.652,4,NA
20/09/2019,29.452,4,NA
20/09/2019,29.352,4,NA
20/09/2019,29.452,4,NA
20/09/2019,29.552,4,NA
20/09/2019,29.853,4,NA
20/09/2019,29.853,4,NA
20/09/2019,29.752,4,NA
20/09/2019,29.752,4,NA
20/09/2019,29.752,4,NA
21/09/2019,29.752,4,NA
21/09/2019,29.652,4,NA
21/09/2019,29.652,4,NA
21/09/2019,29.452,4,NA
21/09/2019,29.352,4,NA
21/09/2019,29.352,4,NA
21/09/2019,29.652,4,NA
21/09/2019,29.853,4,NA
21/09/2019,29.752,4,NA
21/09/2019,29.652,4,NA
21/09/2019,29.552,4,NA
21/09/2019,29.452,4,NA
22/09/2019,29.552,5,NA
22/09/2019,29.652,5,NA
22/09/2019,29.652,5,NA
22/09/2019,29.552,5,NA
22/09/2019,29.352,5,NA
22/09/2019,29.252,5,NA
22/09/2019,29.352,5,NA
22/09/2019,29.552,5,NA
22/09/2019,29.652,5,NA
22/09/2019,29.752,5,NA
22/09/2019,29.652,5,NA
22/09/2019,29.552,5,NA
23/09/2019,29.552,5,NA
23/09/2019,29.452,5,NA
23/09/2019,29.352,5,NA
23/09/2019,29.252,5,NA
23/09/2019,29.152,5,NA
23/09/2019,29.053,5,NA
23/09/2019,29.152,5,NA
23/09/2019,29.352,5,NA
23/09/2019,29.652,5,NA
23/09/2019,29.652,5,NA
23/09/2019,29.452,5,NA
23/09/2019,29.252,5,NA
24/09/2019,29.252,5,NA
24/09/2019,29.352,5,NA
24/09/2019,29.352,5,NA
24/09/2019,29.452,5,NA
24/09/2019,29.152,5,NA
24/09/2019,29.152,5,NA
24/09/2019,29.053,5,NA
24/09/2019,29.053,5,NA
24/09/2019,29.552,5,NA
24/09/2019,29.552,5,NA
24/09/2019,29.552,5,NA
24/09/2019,29.352,5,NA
25/09/2019,29.252,5,NA
25/09/2019,29.152,5,NA
25/09/2019,29.252,5,NA
25/09/2019,29.352,5,NA
25/09/2019,29.352,5,NA
25/09/2019,29.152,5,NA
25/09/2019,29.053,5,NA
25/09/2019,29.152,5,NA
25/09/2019,29.252,5,NA
25/09/2019,29.452,5,NA
25/09/2019,29.552,5,NA
25/09/2019,29.452,5,NA
26/09/2019,29.152,5,NA
26/09/2019,29.152,5,NA
26/09/2019,29.053,5,NA
26/09/2019,29.152,5,NA
26/09/2019,29.252,5,NA
26/09/2019,29.152,5,NA
26/09/2019,29.152,5,NA
26/09/2019,29.252,5,NA
26/09/2019,29.452,5,NA
26/09/2019,29.452,5,NA
26/09/2019,29.452,5,NA
26/09/2019,29.352,5,NA
27/09/2019,29.252,5,NA
27/09/2019,29.152,5,NA
27/09/2019,29.053,5,NA
27/09/2019,29.152,5,NA
27/09/2019,29.152,5,NA
27/09/2019,29.152,5,NA
27/09/2019,29.053,5,NA
27/09/2019,29.152,5,NA
27/09/2019,29.152,5,NA
27/09/2019,29.352,5,NA
27/09/2019,29.252,5,NA
27/09/2019,29.252,5,NA
28/09/2019,29.152,5,NA
28/09/2019,29.053,5,NA
28/09/2019,29.053,5,NA
28/09/2019,29.053,5,NA
28/09/2019,29.252,5,NA
28/09/2019,29.452,5,NA
28/09/2019,29.552,5,NA
28/09/2019,29.552,5,NA
28/09/2019,29.552,5,NA
28/09/2019,29.752,5,NA
28/09/2019,29.552,5,NA
28/09/2019,29.652,5,NA
29/09/2019,29.552,6,NA
29/09/2019,29.452,6,NA
29/09/2019,29.452,6,NA
29/09/2019,29.452,6,NA
29/09/2019,29.552,6,NA
29/09/2019,29.552,6,NA
29/09/2019,29.652,6,NA
29/09/2019,29.652,6,NA
29/09/2019,29.652,6,NA
29/09/2019,29.652,6,NA
29/09/2019,29.652,6,NA
29/09/2019,29.652,6,NA
30/09/2019,29.652,6,NA
30/09/2019,29.352,6,NA
30/09/2019,29.152,6,NA
30/09/2019,29.352,6,NA
30/09/2019,29.552,6,NA
30/09/2019,29.853,6,NA
30/09/2019,29.953,6,NA
30/09/2019,29.853,6,NA
30/09/2019,29.752,6,NA
30/09/2019,29.752,6,NA
30/09/2019,29.853,6,NA
30/09/2019,29.853,6,NA
01/10/2019,29.853,6,NA
01/10/2019,29.752,6,NA
01/10/2019,29.652,6,NA
01/10/2019,29.452,6,NA
01/10/2019,29.652,6,NA
01/10/2019,29.752,6,NA
01/10/2019,29.853,6,NA
01/10/2019,29.953,6,NA
01/10/2019,29.953,6,NA
01/10/2019,29.953,6,NA
01/10/2019,29.853,6,NA
01/10/2019,29.752,6,NA
02/10/2019,29.752,6,NA
02/10/2019,29.652,6,NA
02/10/2019,29.452,6,NA
02/10/2019,28.953,6,NA
02/10/2019,28.853,6,NA
02/10/2019,29.352,6,NA
02/10/2019,29.953,6,NA
02/10/2019,29.953,6,NA
02/10/2019,29.352,6,NA
02/10/2019,29.252,6,NA
02/10/2019,29.352,6,NA
02/10/2019,29.953,6,NA
03/10/2019,29.953,6,NA
03/10/2019,29.853,6,NA
03/10/2019,29.853,6,NA
03/10/2019,29.853,6,NA
03/10/2019,29.752,6,NA
03/10/2019,29.853,6,NA
03/10/2019,29.953,6,NA
03/10/2019,30.154,6,NA
03/10/2019,30.255,6,NA
03/10/2019,30.154,6,NA
03/10/2019,30.154,6,NA
03/10/2019,30.054,6,NA
04/10/2019,30.054,6,NA
04/10/2019,30.054,6,NA
04/10/2019,30.054,6,NA
04/10/2019,29.853,6,NA
04/10/2019,29.853,6,NA
04/10/2019,29.853,6,NA
04/10/2019,29.953,6,NA
04/10/2019,30.154,6,NA
04/10/2019,30.255,6,NA
04/10/2019,30.255,6,NA
04/10/2019,30.054,6,NA
04/10/2019,29.853,6,NA
05/10/2019,29.853,6,NA
05/10/2019,30.054,6,NA
05/10/2019,30.054,6,NA
05/10/2019,29.752,6,NA
05/10/2019,29.652,6,NA
05/10/2019,29.752,6,NA
05/10/2019,29.853,6,NA
05/10/2019,30.054,6,NA
05/10/2019,30.457,6,NA
05/10/2019,30.356,6,NA
05/10/2019,30.054,6,NA
05/10/2019,29.853,6,NA
06/10/2019,29.853,7,NA
06/10/2019,29.853,7,NA
06/10/2019,29.953,7,NA
06/10/2019,29.752,7,NA
06/10/2019,29.652,7,NA
06/10/2019,29.652,7,NA
06/10/2019,29.752,7,NA
06/10/2019,29.953,7,NA
06/10/2019,29.953,7,NA
06/10/2019,30.154,7,NA
06/10/2019,30.054,7,NA
06/10/2019,30.054,7,NA
07/10/2019,29.953,7,NA
07/10/2019,30.154,7,NA
07/10/2019,30.154,7,NA
07/10/2019,30.054,7,NA
07/10/2019,29.853,7,NA
07/10/2019,29.853,7,NA
07/10/2019,29.953,7,NA
07/10/2019,30.054,7,NA
07/10/2019,30.154,7,NA
07/10/2019,30.154,7,NA
07/10/2019,30.154,7,NA
07/10/2019,29.853,7,NA
08/10/2019,29.752,7,NA
08/10/2019,29.652,7,NA
08/10/2019,29.652,7,NA
08/10/2019,29.853,7,NA
08/10/2019,30.154,7,NA
08/10/2019,30.154,7,NA
08/10/2019,29.953,7,NA
08/10/2019,30.154,7,NA
08/10/2019,30.255,7,NA
08/10/2019,30.255,7,NA
08/10/2019,30.255,7,NA
08/10/2019,30.255,7,NA
09/10/2019,30.255,7,NA
09/10/2019,30.255,7,NA
09/10/2019,30.255,7,NA
09/10/2019,30.356,7,NA
09/10/2019,30.356,7,NA
09/10/2019,30.457,7,NA
09/10/2019,30.558,7,NA
09/10/2019,30.457,7,NA
09/10/2019,30.356,7,NA
09/10/2019,30.154,7,NA
09/10/2019,30.356,7,NA
09/10/2019,30.558,7,NA
10/10/2019,30.558,7,NA
10/10/2019,30.457,7,NA
10/10/2019,30.255,7,NA
10/10/2019,30.154,7,NA
10/10/2019,30.255,7,NA
10/10/2019,30.356,7,NA
10/10/2019,30.457,7,NA
10/10/2019,30.659,7,NA
10/10/2019,30.963,7,NA
10/10/2019,30.862,7,NA
10/10/2019,30.862,7,NA
10/10/2019,30.76,7,NA
11/10/2019,30.76,7,NA
11/10/2019,30.76,7,NA
11/10/2019,30.659,7,NA
11/10/2019,30.659,7,NA
11/10/2019,30.659,7,NA
11/10/2019,30.659,7,NA
11/10/2019,30.76,7,NA
11/10/2019,30.659,7,NA
11/10/2019,30.659,7,NA
11/10/2019,30.659,7,NA
11/10/2019,30.862,7,NA
11/10/2019,30.862,7,NA
12/10/2019,30.457,7,NA
12/10/2019,30.558,7,NA
12/10/2019,30.76,7,NA
12/10/2019,30.76,7,NA
12/10/2019,30.659,7,NA
12/10/2019,30.659,7,NA
12/10/2019,30.558,7,NA
12/10/2019,30.558,7,NA
12/10/2019,30.558,7,NA
12/10/2019,30.76,7,NA
12/10/2019,30.76,7,NA
12/10/2019,30.659,7,NA
13/10/2019,30.558,8,NA
13/10/2019,30.356,8,NA
13/10/2019,30.255,8,NA
13/10/2019,30.255,8,NA
13/10/2019,30.659,8,NA
13/10/2019,30.659,8,NA
13/10/2019,30.659,8,NA
13/10/2019,30.659,8,NA
13/10/2019,30.659,8,NA
13/10/2019,30.76,8,NA
13/10/2019,30.862,8,NA
13/10/2019,30.76,8,NA
14/10/2019,30.76,8,NA
14/10/2019,30.76,8,NA
14/10/2019,30.457,8,NA
14/10/2019,30.558,8,NA
14/10/2019,30.659,8,NA
14/10/2019,30.76,8,NA
14/10/2019,30.76,8,NA
14/10/2019,30.862,8,NA
14/10/2019,30.862,8,NA
14/10/2019,30.862,8,NA
14/10/2019,31.064,8,NA
14/10/2019,31.064,8,NA
15/10/2019,30.963,8,NA
15/10/2019,30.862,8,NA
15/10/2019,30.659,8,NA
15/10/2019,30.558,8,NA
15/10/2019,30.659,8,NA
15/10/2019,30.659,8,NA
15/10/2019,30.659,8,NA
15/10/2019,30.659,8,NA
15/10/2019,30.862,8,NA
15/10/2019,31.166,8,NA
15/10/2019,31.37,8,NA
15/10/2019,31.37,8,NA
16/10/2019,31.268,8,NA
16/10/2019,31.268,8,NA
16/10/2019,30.356,8,NA
16/10/2019,30.457,8,NA
16/10/2019,30.963,8,NA
16/10/2019,31.268,8,NA
29/10/2019,29.165,10,NA
29/10/2019,29.215,10,NA
29/10/2019,29.14,10,NA
30/10/2019,29.015,10,NA
30/10/2019,29.065,10,NA
30/10/2019,28.891,10,NA
30/10/2019,29.04,10,NA
30/10/2019,29.19,10,NA
30/10/2019,29.115,10,NA
31/10/2019,28.841,10,NA
31/10/2019,28.891,10,NA
31/10/2019,28.766,10,NA
31/10/2019,28.941,10,NA
31/10/2019,29.09,10,NA
31/10/2019,29.015,10,NA
01/11/2019,28.816,10,NA
01/11/2019,28.841,10,NA
01/11/2019,28.841,10,NA
01/11/2019,29.09,10,NA
01/11/2019,29.065,10,NA
01/11/2019,29.065,10,NA
02/11/2019,28.866,10,NA
02/11/2019,28.791,10,NA
02/11/2019,28.816,10,NA
02/11/2019,28.99,10,NA
02/11/2019,29.04,10,NA
02/11/2019,28.916,10,NA
03/11/2019,28.742,11,NA
03/11/2019,28.841,11,NA
03/11/2019,28.816,11,NA
03/11/2019,29.09,11,NA
03/11/2019,28.916,11,NA
03/11/2019,28.742,11,NA
04/11/2019,28.617,11,NA
04/11/2019,28.518,11,NA
04/11/2019,28.394,11,NA
04/11/2019,28.791,11,NA
04/11/2019,28.841,11,NA
04/11/2019,28.791,11,NA
05/11/2019,28.791,11,NA
05/11/2019,28.667,11,NA
05/11/2019,28.568,11,NA
05/11/2019,28.841,11,NA
05/11/2019,28.866,11,NA
05/11/2019,28.841,11,NA
06/11/2019,28.816,11,NA
06/11/2019,28.692,11,NA
06/11/2019,28.593,11,NA
06/11/2019,28.667,11,NA
06/11/2019,28.717,11,NA
06/11/2019,28.593,11,NA
07/11/2019,28.468,11,NA
07/11/2019,28.419,11,NA
07/11/2019,28.394,11,NA
07/11/2019,28.568,11,NA
07/11/2019,28.617,11,NA
07/11/2019,28.468,11,NA
08/11/2019,28.369,11,NA
08/11/2019,28.369,11,NA
08/11/2019,28.444,11,NA
08/11/2019,28.692,11,NA
08/11/2019,28.766,11,NA
08/11/2019,28.568,11,NA
09/11/2019,28.543,11,NA
09/11/2019,28.419,11,NA
09/11/2019,28.444,11,NA
09/11/2019,28.147,11,NA
09/11/2019,28.32,11,NA
09/11/2019,28.345,11,NA
10/11/2019,27.825,12,NA
10/11/2019,28.048,12,NA
10/11/2019,28.097,12,NA
10/11/2019,27.998,12,NA
10/11/2019,28.147,12,NA
10/11/2019,27.949,12,NA
11/11/2019,27.579,12,NA
11/11/2019,27.579,12,NA
11/11/2019,27.702,12,NA
11/11/2019,27.628,12,NA
11/11/2019,26.842,12,NA
11/11/2019,27.727,12,NA
12/11/2019,27.974,12,NA
12/11/2019,28.147,12,NA
12/11/2019,27.998,12,NA
12/11/2019,27.235,12,NA
12/11/2019,26.916,12,NA
12/11/2019,28.171,12,NA
13/11/2019,27.382,12,NA
13/11/2019,27.333,12,NA
13/11/2019,28.072,12,NA
13/11/2019,27.974,12,NA
13/11/2019,27.284,12,NA
13/11/2019,27.875,12,NA
14/11/2019,27.825,12,NA
14/11/2019,27.53,12,NA
14/11/2019,27.825,12,NA
14/11/2019,27.776,12,NA
14/11/2019,27.653,12,NA
14/11/2019,27.702,12,NA
15/11/2019,27.653,12,NA
15/11/2019,27.53,12,NA
15/11/2019,27.727,12,NA
15/11/2019,27.998,12,NA
15/11/2019,27.974,12,NA
15/11/2019,27.85,12,NA
16/11/2019,27.776,12,NA
16/11/2019,27.628,12,NA
16/11/2019,27.628,12,NA
16/11/2019,28.048,12,NA
16/11/2019,27.481,12,NA
16/11/2019,27.53,12,NA
17/11/2019,27.801,13,NA
17/11/2019,27.136,13,NA
17/11/2019,26.646,13,NA
17/11/2019,27.136,13,NA
17/11/2019,27.161,13,NA
17/11/2019,27.505,13,NA
18/11/2019,27.579,13,NA
18/11/2019,27.21,13,NA
18/11/2019,27.112,13,NA
18/11/2019,27.751,13,NA
18/11/2019,27.727,13,NA
18/11/2019,27.604,13,NA
19/11/2019,27.628,13,NA
19/11/2019,27.554,13,NA
19/11/2019,27.358,13,NA
19/11/2019,27.554,13,NA
19/11/2019,27.53,13,NA
19/11/2019,27.063,13,NA
20/11/2019,27.456,13,NA
20/11/2019,27.284,13,NA
20/11/2019,26.818,13,NA
20/11/2019,27.284,13,NA
20/11/2019,27.333,13,NA
20/11/2019,26.94,13,NA
21/11/2019,27.407,13,NA
21/11/2019,27.456,13,NA
21/11/2019,26.207,13,NA
21/11/2019,26.109,13,NA
21/11/2019,26.378,13,NA
21/11/2019,26.793,13,NA
22/11/2019,26.475,13,NA
22/11/2019,26.818,13,NA
22/11/2019,26.451,13,NA
22/11/2019,26.329,13,NA
22/11/2019,27.038,13,NA
22/11/2019,26.769,13,NA
23/11/2019,26.134,13,NA
23/11/2019,26.989,13,NA
23/11/2019,27.014,13,NA
23/11/2019,26.524,13,NA
23/11/2019,27.063,13,NA
23/11/2019,27.136,13,NA
24/11/2019,26.353,14,NA
24/11/2019,26.867,14,NA
24/11/2019,27.284,14,NA
24/11/2019,26.891,14,NA
24/11/2019,26.916,14,NA
24/11/2019,27.112,14,NA
25/11/2019,26.158,14,NA
25/11/2019,25.914,14,NA
25/11/2019,26.769,14,NA
25/11/2019,26.426,14,NA
25/11/2019,26.671,14,NA
25/11/2019,27.014,14,NA
26/11/2019,26.426,14,NA
26/11/2019,25.914,14,NA
26/11/2019,26.671,14,NA
26/11/2019,26.109,14,NA
26/11/2019,25.987,14,NA
26/11/2019,25.963,14,NA
27/11/2019,26.085,14,NA
27/11/2019,25.914,14,NA
27/11/2019,26.744,14,NA
27/11/2019,26.695,14,NA
27/11/2019,26.5,14,NA
27/11/2019,26.622,14,NA
28/11/2019,26.646,14,NA
28/11/2019,26.256,14,NA
28/11/2019,26.622,14,NA
28/11/2019,26.867,14,NA
28/11/2019,26.134,14,NA
28/11/2019,26.524,14,NA
29/11/2019,26.646,14,NA
29/11/2019,26.28,14,NA
29/11/2019,26.304,14,NA
29/11/2019,26.744,14,NA
29/11/2019,26.622,14,NA
29/11/2019,26.72,14,NA
30/11/2019,26.622,14,NA
30/11/2019,26.378,14,NA
30/11/2019,26.549,14,NA
30/11/2019,26.744,14,NA
30/11/2019,26.304,14,NA
30/11/2019,26.451,14,NA
01/12/2019,26.549,15,NA
01/12/2019,26.451,15,NA
01/12/2019,26.353,15,NA
01/12/2019,26.744,15,NA
01/12/2019,26.769,15,NA
01/12/2019,26.451,15,NA
02/12/2019,26.549,15,NA
02/12/2019,26.378,15,NA
02/12/2019,26.207,15,NA
02/12/2019,26.378,15,NA
02/12/2019,26.304,15,NA
02/12/2019,25.623,15,NA
03/12/2019,25.987,15,NA
03/12/2019,25.428,15,NA
03/12/2019,25.477,15,NA
03/12/2019,26.061,15,NA
03/12/2019,26.085,15,NA
03/12/2019,25.623,15,NA
04/12/2019,25.453,15,NA
04/12/2019,25.428,15,NA
04/12/2019,25.162,15,NA
04/12/2019,25.647,15,NA
04/12/2019,26.134,15,NA
04/12/2019,25.695,15,NA
05/12/2019,25.525,15,NA
05/12/2019,25.866,15,NA
05/12/2019,24.823,15,NA
05/12/2019,25.525,15,NA
05/12/2019,25.987,15,NA
05/12/2019,25.671,15,NA
06/12/2019,25.55,15,NA
06/12/2019,25.598,15,NA
06/12/2019,25.525,15,NA
06/12/2019,25.89,15,NA
06/12/2019,26.134,15,NA
06/12/2019,25.914,15,NA
07/12/2019,25.598,15,NA
07/12/2019,25.89,15,NA
07/12/2019,25.647,15,NA
07/12/2019,25.671,15,NA
07/12/2019,25.987,15,NA
07/12/2019,25.453,15,NA
08/12/2019,25.38,16,NA
08/12/2019,25.914,16,NA
08/12/2019,25.89,16,NA
08/12/2019,25.963,16,NA
08/12/2019,25.987,16,NA
08/12/2019,25.866,16,NA
09/12/2019,25.404,16,NA
09/12/2019,25.525,16,NA
09/12/2019,25.55,16,NA
09/12/2019,25.598,16,NA
09/12/2019,25.866,16,NA
09/12/2019,25.841,16,NA
10/12/2019,25.477,16,NA
10/12/2019,25.501,16,NA
10/12/2019,25.695,16,NA
10/12/2019,25.793,16,NA
10/12/2019,25.793,16,NA
10/12/2019,25.866,16,NA
11/12/2019,25.598,16,NA
11/12/2019,25.355,16,NA
11/12/2019,25.744,16,NA
11/12/2019,25.89,16,NA
11/12/2019,25.695,16,NA
11/12/2019,25.817,16,NA
12/12/2019,25.793,16,NA
12/12/2019,25.647,16,NA
12/12/2019,25.793,16,NA
12/12/2019,25.55,16,NA
12/12/2019,25.234,16,NA
12/12/2019,25.574,16,NA
13/12/2019,25.525,16,NA
13/12/2019,24.992,16,NA
13/12/2019,25.38,16,NA
13/12/2019,25.38,16,NA
13/12/2019,25.016,16,NA
13/12/2019,24.871,16,NA
14/12/2019,25.234,16,NA
14/12/2019,24.992,16,NA
14/12/2019,25.38,16,NA
14/12/2019,25.744,16,NA
14/12/2019,25.671,16,NA
14/12/2019,25.72,16,NA
15/12/2019,25.793,17,NA
15/12/2019,25.501,17,NA
15/12/2019,25.525,17,NA
15/12/2019,25.695,17,NA
15/12/2019,25.574,17,NA
15/12/2019,25.574,17,NA
16/12/2019,25.598,17,NA
16/12/2019,25.258,17,NA
16/12/2019,25.283,17,NA
16/12/2019,25.939,17,NA
16/12/2019,25.987,17,NA
16/12/2019,25.914,17,NA
17/12/2019,25.817,17,NA
17/12/2019,25.744,17,NA
17/12/2019,25.647,17,NA
17/12/2019,25.866,17,NA
17/12/2019,25.963,17,NA
17/12/2019,25.744,17,NA
18/12/2019,25.793,17,NA
18/12/2019,25.768,17,NA
18/12/2019,25.768,17,NA
18/12/2019,25.768,17,NA
18/12/2019,25.768,17,NA
18/12/2019,25.598,17,NA
19/12/2019,25.574,17,NA
19/12/2019,25.477,17,NA
19/12/2019,25.21,17,NA
19/12/2019,25.234,17,NA
19/12/2019,25.283,17,NA
19/12/2019,25.065,17,NA
20/12/2019,25.113,17,NA
20/12/2019,25.258,17,NA
20/12/2019,25.162,17,NA
20/12/2019,25.234,17,NA
20/12/2019,25.283,17,NA
20/12/2019,24.919,17,NA
21/12/2019,25.793,17,NA
21/12/2019,25.817,17,NA
21/12/2019,25.768,17,NA
21/12/2019,25.623,17,NA
21/12/2019,26.109,17,NA
21/12/2019,25.55,17,NA
22/12/2019,24.653,18,NA
22/12/2019,25.987,18,NA
22/12/2019,25.817,18,NA
22/12/2019,25.113,18,NA
22/12/2019,25.744,18,NA
22/12/2019,25.89,18,NA
23/12/2019,24.653,18,NA
23/12/2019,25.72,18,NA
23/12/2019,25.841,18,NA
23/12/2019,25.574,18,NA
23/12/2019,25.525,18,NA
23/12/2019,25.695,18,NA
24/12/2019,25.307,18,NA
24/12/2019,25.258,18,NA
24/12/2019,25.453,18,NA
24/12/2019,24.75,18,NA
24/12/2019,24.508,18,NA
24/12/2019,25.428,18,NA
25/12/2019,24.968,18,NA
25/12/2019,24.919,18,NA
25/12/2019,25.355,18,NA
25/12/2019,24.895,18,NA
25/12/2019,25.137,18,NA
25/12/2019,25.283,18,NA
26/12/2019,24.944,18,NA
26/12/2019,24.726,18,NA
26/12/2019,25.234,18,NA
26/12/2019,25.089,18,NA
26/12/2019,25.089,18,NA
26/12/2019,25.21,18,NA
27/12/2019,25.089,18,NA
27/12/2019,24.75,18,NA
27/12/2019,25.089,18,NA
27/12/2019,25.428,18,NA
27/12/2019,25.477,18,NA
27/12/2019,25.428,18,NA
28/12/2019,25.38,18,NA
28/12/2019,25.331,18,NA
28/12/2019,25.258,18,NA
28/12/2019,25.453,18,NA
28/12/2019,25.113,18,NA
28/12/2019,25.428,18,NA
29/12/2019,25.477,19,NA
29/12/2019,25.307,19,NA
29/12/2019,25.234,19,NA
29/12/2019,25.283,19,NA
29/12/2019,25.38,19,NA
29/12/2019,25.331,19,NA
30/12/2019,25.186,19,NA
30/12/2019,25.089,19,NA
30/12/2019,25.016,19,NA
30/12/2019,25.234,19,NA
30/12/2019,25.234,19,NA
30/12/2019,25.113,19,NA
31/12/2019,25.21,19,NA
31/12/2019,25.137,19,NA
31/12/2019,25.04,19,NA
31/12/2019,25.258,19,NA
31/12/2019,25.113,19,NA
31/12/2019,25.065,19,NA
01/01/2020,25.016,19,NA
01/01/2020,24.919,19,NA
01/01/2020,24.702,19,NA
01/01/2020,25.065,19,NA
01/01/2020,25.186,19,NA
01/01/2020,24.992,19,NA
02/01/2020,25.016,19,NA
02/01/2020,24.944,19,NA
02/01/2020,24.726,19,NA
02/01/2020,25.016,19,NA
02/01/2020,25.113,19,NA
02/01/2020,24.919,19,NA
03/01/2020,24.968,19,NA
03/01/2020,24.895,19,NA
03/01/2020,24.774,19,NA
03/01/2020,24.847,19,NA
03/01/2020,24.992,19,NA
03/01/2020,24.944,19,NA
04/01/2020,24.992,19,NA
04/01/2020,24.823,19,NA
04/01/2020,24.605,19,NA
04/01/2020,24.532,19,NA
04/01/2020,24.871,19,NA
04/01/2020,24.823,19,NA
05/01/2020,24.557,20,NA
05/01/2020,24.557,20,NA
05/01/2020,24.146,20,NA
05/01/2020,24.219,20,NA
05/01/2020,24.75,20,NA
05/01/2020,24.026,20,NA
06/01/2020,23.689,20,NA
06/01/2020,24.823,20,NA
06/01/2020,23.641,20,NA
06/01/2020,23.737,20,NA
06/01/2020,24.436,20,NA
06/01/2020,24.291,20,NA
07/01/2020,24.219,20,NA
07/01/2020,24.195,20,NA
07/01/2020,24.219,20,NA
07/01/2020,24.412,20,NA
07/01/2020,24.605,20,NA
07/01/2020,24.653,20,NA
08/01/2020,24.46,20,NA
08/01/2020,24.339,20,NA
08/01/2020,24.363,20,NA
08/01/2020,24.412,20,NA
08/01/2020,24.557,20,NA
08/01/2020,24.291,20,NA
09/01/2020,24.195,20,NA
09/01/2020,24.363,20,NA
09/01/2020,24.267,20,NA
09/01/2020,23.905,20,NA
09/01/2020,24.074,20,NA
09/01/2020,24.532,20,NA
10/01/2020,24.098,20,NA
10/01/2020,24.219,20,NA
10/01/2020,24.557,20,NA
10/01/2020,24.605,20,NA
10/01/2020,24.605,20,NA
10/01/2020,24.581,20,NA
11/01/2020,24.532,20,NA
11/01/2020,24.412,20,NA
11/01/2020,24.532,20,NA
11/01/2020,24.653,20,NA
11/01/2020,24.581,20,NA
11/01/2020,24.823,20,NA
12/01/2020,24.726,21,NA
12/01/2020,24.508,21,NA
12/01/2020,24.726,21,NA
12/01/2020,24.75,21,NA
12/01/2020,24.484,21,NA
12/01/2020,24.677,21,NA
13/01/2020,24.702,21,NA
13/01/2020,23.761,21,NA
13/01/2020,24.291,21,NA
13/01/2020,24.798,21,NA
13/01/2020,24.871,21,NA
13/01/2020,24.823,21,NA
14/01/2020,24.895,21,NA
14/01/2020,24.557,21,NA
14/01/2020,23.905,21,NA
14/01/2020,24.774,21,NA
14/01/2020,24.532,21,NA
14/01/2020,24.267,21,NA
15/01/2020,24.581,21,NA
15/01/2020,24.412,21,NA
15/01/2020,24.122,21,NA
15/01/2020,24.774,21,NA
15/01/2020,25.016,21,NA
15/01/2020,24.605,21,NA
16/01/2020,24.895,21,NA
16/01/2020,24.847,21,NA
16/01/2020,24.46,21,NA
16/01/2020,24.847,21,NA
16/01/2020,25.162,21,NA
16/01/2020,24.847,21,NA
17/01/2020,25.137,21,NA
17/01/2020,25.137,21,NA
17/01/2020,24.774,21,NA
17/01/2020,24.944,21,NA
17/01/2020,26.012,21,NA
17/01/2020,24.774,21,NA
18/01/2020,25.065,21,NA
18/01/2020,25.72,21,NA
18/01/2020,25.186,21,NA
18/01/2020,24.823,21,NA
18/01/2020,25.768,21,NA
18/01/2020,25.186,21,NA
19/01/2020,25.137,22,NA
19/01/2020,25.404,22,NA
19/01/2020,25.258,22,NA
19/01/2020,25.065,22,NA
19/01/2020,25.793,22,NA
19/01/2020,25.55,22,NA
20/01/2020,25.404,22,NA
20/01/2020,25.623,22,NA
20/01/2020,25.453,22,NA
20/01/2020,25.647,22,NA
20/01/2020,25.501,22,NA
20/01/2020,25.525,22,NA
21/01/2020,25.113,22,NA
21/01/2020,25.841,22,NA
21/01/2020,25.72,22,NA
21/01/2020,24.581,22,NA
21/01/2020,25.453,22,NA
21/01/2020,25.404,22,NA
22/01/2020,23.472,22,NA
22/01/2020,23.593,22,NA
22/01/2020,24.026,22,NA
22/01/2020,24.146,22,NA
22/01/2020,25.162,22,NA
22/01/2020,25.137,22,NA
23/01/2020,24.315,22,NA
23/01/2020,23.954,22,NA
23/01/2020,25.016,22,NA
23/01/2020,24.968,22,NA
23/01/2020,25.113,22,NA
23/01/2020,25.21,22,NA
24/01/2020,25.089,22,NA
24/01/2020,24.944,22,NA
24/01/2020,25.283,22,NA
24/01/2020,25.258,22,NA
24/01/2020,25.234,22,NA
24/01/2020,25.38,22,NA
25/01/2020,25.162,22,NA
25/01/2020,24.532,22,NA
25/01/2020,24.798,22,NA
25/01/2020,24.847,22,NA
25/01/2020,24.726,22,NA
25/01/2020,25.113,22,NA
26/01/2020,25.065,23,NA
26/01/2020,24.557,23,NA
26/01/2020,24.002,23,NA
26/01/2020,24.412,23,NA
26/01/2020,23.352,23,NA
26/01/2020,24.605,23,NA
27/01/2020,24.774,23,NA
27/01/2020,24.315,23,NA
27/01/2020,24.75,23,NA
27/01/2020,25.113,23,NA
27/01/2020,24.798,23,NA
27/01/2020,24.726,23,NA
28/01/2020,24.992,23,NA
28/01/2020,24.605,23,NA
28/01/2020,24.508,23,NA
28/01/2020,24.992,23,NA
28/01/2020,24.847,23,NA
28/01/2020,24.702,23,NA
29/01/2020,24.75,23,NA
29/01/2020,24.219,23,NA
29/01/2020,24.436,23,NA
29/01/2020,24.895,23,NA
29/01/2020,24.823,23,NA
29/01/2020,24.46,23,NA
30/01/2020,24.629,23,NA
30/01/2020,24.798,23,NA
30/01/2020,24.847,23,NA
30/01/2020,25.04,23,NA
30/01/2020,24.75,23,NA
30/01/2020,24.581,23,NA
31/01/2020,24.677,23,NA
31/01/2020,24.557,23,NA
31/01/2020,24.557,23,NA
31/01/2020,24.653,23,NA
31/01/2020,24.339,23,NA
31/01/2020,24.002,23,NA
01/02/2020,24.267,23,NA
01/02/2020,24.315,23,NA
01/02/2020,23.761,23,NA
01/02/2020,24.098,23,NA
01/02/2020,24.026,23,NA
01/02/2020,23.978,23,NA
02/02/2020,24.171,24,NA
02/02/2020,23.737,24,NA
02/02/2020,22.417,24,NA
02/02/2020,23.208,24,NA
02/02/2020,23.472,24,NA
02/02/2020,23.184,24,NA
03/02/2020,23.545,24,NA
03/02/2020,23.352,24,NA
03/02/2020,23.617,24,NA
03/02/2020,23.761,24,NA
03/02/2020,24.629,24,NA
03/02/2020,23.785,24,NA
04/02/2020,23.641,24,NA
04/02/2020,24.388,24,NA
04/02/2020,24.026,24,NA
04/02/2020,23.184,24,NA
04/02/2020,24.05,24,NA
04/02/2020,24.122,24,NA
05/02/2020,24.146,24,NA
05/02/2020,24.219,24,NA
05/02/2020,24.171,24,NA
05/02/2020,23.521,24,NA
05/02/2020,24.002,24,NA
05/02/2020,24.195,24,NA
06/02/2020,24.267,24,NA
06/02/2020,24.291,24,NA
06/02/2020,24.219,24,NA
06/02/2020,24.363,24,NA
06/02/2020,24.46,24,NA
06/02/2020,24.339,24,NA
07/02/2020,24.171,24,NA
07/02/2020,23.689,24,NA
07/02/2020,23.978,24,NA
07/02/2020,23.28,24,NA
07/02/2020,23.641,24,NA
07/02/2020,23.424,24,NA
08/02/2020,23.28,24,NA
08/02/2020,23.208,24,NA
08/02/2020,23.304,24,NA
08/02/2020,22.992,24,NA
08/02/2020,22.896,24,NA
08/02/2020,23.593,24,NA
09/02/2020,23.088,25,NA
09/02/2020,22.633,25,NA
09/02/2020,23.809,25,NA
09/02/2020,24.026,25,NA
09/02/2020,23.689,25,NA
09/02/2020,23.93,25,NA
10/02/2020,23.809,25,NA
10/02/2020,23.713,25,NA
10/02/2020,24.243,25,NA
10/02/2020,24.46,25,NA
10/02/2020,24.46,25,NA
10/02/2020,24.629,25,NA
11/02/2020,24.291,25,NA
11/02/2020,24.363,25,NA
11/02/2020,24.291,25,NA
11/02/2020,24.315,25,NA
11/02/2020,24.557,25,NA
11/02/2020,24.702,25,NA
12/02/2020,25.21,25,NA
12/02/2020,24.895,25,NA
12/02/2020,25.065,25,NA
12/02/2020,25.331,25,NA
12/02/2020,25.234,25,NA
12/02/2020,25.355,25,NA
13/02/2020,24.992,25,NA
13/02/2020,25.137,25,NA
13/02/2020,25.089,25,NA
13/02/2020,24.992,25,NA
13/02/2020,25.331,25,NA
13/02/2020,25.089,25,NA
14/02/2020,24.774,25,NA
14/02/2020,24.823,25,NA
14/02/2020,24.919,25,NA
14/02/2020,24.992,25,NA
14/02/2020,25.04,25,NA
14/02/2020,25.065,25,NA
15/02/2020,24.726,25,NA
15/02/2020,24.823,25,NA
15/02/2020,24.847,25,NA
15/02/2020,24.823,25,NA
15/02/2020,24.871,25,NA
15/02/2020,24.75,25,NA
16/02/2020,24.508,26,NA
16/02/2020,24.436,26,NA
16/02/2020,24.46,26,NA
16/02/2020,24.581,26,NA
16/02/2020,24.702,26,NA
16/02/2020,24.774,26,NA
17/02/2020,24.774,26,NA
17/02/2020,24.581,26,NA
17/02/2020,24.557,26,NA
17/02/2020,24.75,26,NA
17/02/2020,24.847,26,NA
17/02/2020,24.895,26,NA
18/02/2020,25.016,26,NA
18/02/2020,24.339,26,NA
18/02/2020,24.581,26,NA
18/02/2020,25.016,26,NA
18/02/2020,25.234,26,NA
18/02/2020,25.234,26,NA
19/02/2020,25.162,26,NA
19/02/2020,25.234,26,NA
19/02/2020,25.234,26,NA
19/02/2020,25.331,26,NA
19/02/2020,25.355,26,NA
19/02/2020,25.574,26,NA
20/02/2020,25.671,26,NA
20/02/2020,25.623,26,NA
20/02/2020,25.355,26,NA
20/02/2020,25.574,26,NA
20/02/2020,25.525,26,NA
20/02/2020,25.21,26,NA
21/02/2020,25.671,26,NA
21/02/2020,25.065,26,NA
21/02/2020,24.944,26,NA
21/02/2020,25.137,26,NA
21/02/2020,25.428,26,NA
21/02/2020,25.065,26,NA
22/02/2020,24.75,26,NA
22/02/2020,25.04,26,NA
22/02/2020,25.331,26,NA
22/02/2020,24.363,26,NA
22/02/2020,24.726,26,NA
22/02/2020,25.38,26,NA
23/02/2020,25.162,27,NA
23/02/2020,24.823,27,NA
23/02/2020,24.895,27,NA
23/02/2020,24.774,27,NA
23/02/2020,24.532,27,NA
23/02/2020,24.968,27,NA
24/02/2020,24.871,27,NA
24/02/2020,24.339,27,NA
24/02/2020,25.939,27,NA
24/02/2020,26.329,27,NA
24/02/2020,26.549,27,NA
24/02/2020,25.963,27,NA
25/02/2020,26.061,27,NA
25/02/2020,25.137,27,NA
25/02/2020,25.501,27,NA
25/02/2020,25.04,27,NA
25/02/2020,25.065,27,NA
25/02/2020,25.137,27,NA
26/02/2020,24.798,27,NA
26/02/2020,24.243,27,NA
26/02/2020,24.653,27,NA
26/02/2020,24.847,27,NA
26/02/2020,24.46,27,NA
26/02/2020,24.702,27,NA
27/02/2020,25.623,27,NA
27/02/2020,25.234,27,NA
27/02/2020,24.75,27,NA
27/02/2020,23.978,27,NA
27/02/2020,23.881,27,NA
27/02/2020,24.026,27,NA
28/02/2020,24.629,27,NA
28/02/2020,23.472,27,NA
28/02/2020,23.184,27,NA
28/02/2020,23.328,27,NA
28/02/2020,23.93,27,NA
28/02/2020,23.665,27,NA
29/02/2020,23.641,27,NA
29/02/2020,23.472,27,NA
29/02/2020,23.232,27,NA
29/02/2020,23.665,27,NA
29/02/2020,23.954,27,NA
29/02/2020,23.593,27,NA
01/03/2020,23.809,28,NA
01/03/2020,23.545,28,NA
01/03/2020,23.472,28,NA
01/03/2020,23.545,28,NA
01/03/2020,24.412,28,NA
01/03/2020,23.545,28,NA
02/03/2020,25.065,28,NA
02/03/2020,25.186,28,NA
02/03/2020,24.677,28,NA
02/03/2020,24.388,28,NA
02/03/2020,25.428,28,NA
02/03/2020,25.307,28,NA
03/03/2020,25.186,28,NA
03/03/2020,25.355,28,NA
03/03/2020,25.186,28,NA
03/03/2020,25.355,28,NA
03/03/2020,25.501,28,NA
03/03/2020,24.171,28,NA
04/03/2020,25.404,28,NA
04/03/2020,25.258,28,NA
04/03/2020,25.21,28,NA
04/03/2020,25.38,28,NA
04/03/2020,25.598,28,NA
04/03/2020,25.525,28,NA
05/03/2020,24.919,28,NA
05/03/2020,25.404,28,NA
05/03/2020,25.331,28,NA
05/03/2020,25.574,28,NA
05/03/2020,25.671,28,NA
05/03/2020,25.574,28,NA
06/03/2020,25.21,28,0
06/03/2020,25.162,28,0
06/03/2020,25.283,28,0
06/03/2020,25.404,28,0
11/03/2020,24.992,29,0
11/03/2020,25.162,29,0
11/03/2020,24.581,29,0
11/03/2020,24.968,29,0
12/03/2020,24.871,29,0
12/03/2020,24.702,29,0
12/03/2020,24.798,29,0
12/03/2020,25.113,29,0
12/03/2020,24.968,29,0
12/03/2020,25.113,29,0
13/03/2020,24.992,29,1
13/03/2020,24.823,29,1
13/03/2020,24.677,29,1
13/03/2020,25.162,29,1
13/03/2020,24.992,29,1
13/03/2020,24.992,29,1
14/03/2020,25.355,29,1
14/03/2020,25.04,29,1
14/03/2020,24.944,29,1
14/03/2020,25.38,29,1
14/03/2020,25.598,29,1
14/03/2020,25.38,29,1
15/03/2020,25.38,30,1
15/03/2020,25.21,30,1
15/03/2020,25.089,30,1
15/03/2020,25.331,30,1
15/03/2020,25.428,30,1
15/03/2020,25.453,30,1
16/03/2020,25.404,30,1
16/03/2020,25.355,30,1
16/03/2020,25.162,30,1
16/03/2020,25.307,30,1
16/03/2020,25.428,30,1
16/03/2020,25.501,30,1
17/03/2020,25.38,30,1
17/03/2020,25.307,30,1
17/03/2020,25.234,30,1
17/03/2020,25.428,30,1
17/03/2020,25.623,30,1
17/03/2020,25.695,30,1
18/03/2020,25.477,30,1
18/03/2020,25.501,30,1
18/03/2020,25.428,30,1
18/03/2020,25.525,30,1
18/03/2020,25.72,30,1
18/03/2020,25.768,30,1
19/03/2020,25.647,30,1
19/03/2020,25.574,30,1
19/03/2020,25.477,30,1
19/03/2020,25.695,30,1
19/03/2020,25.744,30,1
19/03/2020,25.695,30,1
20/03/2020,25.744,30,2
20/03/2020,25.501,30,2
20/03/2020,25.428,30,2
20/03/2020,25.55,30,2
20/03/2020,25.768,30,2
20/03/2020,25.671,30,2
21/03/2020,25.598,30,2
21/03/2020,25.501,30,2
21/03/2020,25.453,30,2
21/03/2020,25.647,30,2
21/03/2020,25.744,30,2
21/03/2020,25.623,30,2
22/03/2020,25.598,31,2
22/03/2020,25.477,31,2
22/03/2020,25.404,31,2
22/03/2020,25.574,31,2
22/03/2020,25.72,31,2
22/03/2020,25.477,31,2
23/03/2020,25.574,31,2
23/03/2020,25.525,31,2
23/03/2020,25.404,31,2
23/03/2020,25.55,31,2
23/03/2020,25.914,31,2
23/03/2020,25.453,31,2
24/03/2020,25.477,31,2
24/03/2020,25.623,31,2
24/03/2020,25.21,31,2
24/03/2020,25.453,31,2
24/03/2020,26.036,31,2
24/03/2020,25.695,31,2
25/03/2020,25.234,31,2
25/03/2020,25.695,31,2
25/03/2020,25.428,31,2
25/03/2020,25.647,31,2
25/03/2020,26.28,31,2
25/03/2020,25.525,31,2
26/03/2020,24.919,31,2
26/03/2020,25.89,31,2
26/03/2020,25.283,31,2
26/03/2020,25.258,31,2
26/03/2020,26.451,31,2
26/03/2020,25.55,31,2
27/03/2020,24.774,31,3
27/03/2020,25.525,31,3
27/03/2020,25.186,31,3
27/03/2020,24.702,31,3
27/03/2020,25.72,31,3
27/03/2020,25.477,31,3
28/03/2020,24.992,31,3
28/03/2020,25.04,31,3
28/03/2020,25.065,31,3
28/03/2020,25.065,31,3
28/03/2020,25.477,31,3
28/03/2020,25.428,31,3
29/03/2020,24.944,32,3
29/03/2020,24.992,32,3
29/03/2020,25.089,32,3
29/03/2020,25.307,32,3
29/03/2020,25.695,32,3
29/03/2020,25.477,32,3
30/03/2020,25.355,32,3
30/03/2020,25.307,32,3
30/03/2020,25.258,32,3
30/03/2020,25.598,32,3
30/03/2020,25.72,32,3
30/03/2020,25.841,32,3
31/03/2020,25.525,32,3
31/03/2020,25.477,32,3
31/03/2020,25.404,32,3
31/03/2020,25.695,32,3
31/03/2020,25.768,32,3
31/03/2020,26.036,32,3
01/04/2020,25.404,32,3
01/04/2020,25.55,32,3
01/04/2020,25.89,32,3
01/04/2020,25.647,32,3
01/04/2020,25.598,32,3
01/04/2020,25.939,32,3
02/04/2020,25.647,32,3
02/04/2020,25.477,32,3
02/04/2020,25.428,32,3
02/04/2020,25.647,32,3
02/04/2020,25.623,32,3
02/04/2020,25.525,32,3
03/04/2020,25.477,32,4
03/04/2020,25.453,32,4
03/04/2020,25.477,32,4
03/04/2020,25.817,32,4
03/04/2020,26.085,32,4
03/04/2020,25.866,32,4
04/04/2020,25.695,32,4
04/04/2020,25.55,32,4
04/04/2020,25.525,32,4
04/04/2020,25.939,32,4
04/04/2020,26.134,32,4
04/04/2020,25.841,32,4
05/04/2020,25.817,33,4
05/04/2020,25.647,33,4
05/04/2020,25.525,33,4
05/04/2020,25.866,33,4
05/04/2020,25.939,33,4
05/04/2020,25.501,33,4
06/04/2020,25.744,33,4
06/04/2020,25.695,33,4
06/04/2020,25.623,33,4
06/04/2020,25.841,33,4
06/04/2020,26.085,33,4
06/04/2020,25.939,33,4
07/04/2020,25.89,33,4
07/04/2020,25.963,33,4
07/04/2020,25.793,33,4
07/04/2020,26.182,33,4
07/04/2020,25.914,33,4
07/04/2020,26.012,33,4
08/04/2020,26.158,33,4
08/04/2020,26.378,33,4
08/04/2020,25.89,33,4
08/04/2020,26.207,33,4
08/04/2020,26.524,33,4
08/04/2020,26.28,33,4
09/04/2020,26.231,33,4
09/04/2020,26.622,33,4
09/04/2020,25.914,33,4
09/04/2020,25.987,33,4
09/04/2020,26.769,33,4
09/04/2020,25.186,33,4
10/04/2020,25.647,33,5
10/04/2020,26.524,33,5
10/04/2020,25.768,33,5
10/04/2020,25.866,33,5
10/04/2020,26.524,33,5
10/04/2020,25.793,33,5
11/04/2020,26.061,33,5
11/04/2020,26.28,33,5
11/04/2020,26.207,33,5
11/04/2020,26.304,33,5
11/04/2020,26.329,33,5
11/04/2020,25.72,33,5
12/04/2020,25.501,34,5
12/04/2020,25.695,34,5
12/04/2020,26.256,34,5
12/04/2020,25.914,34,5
12/04/2020,26.329,34,5
12/04/2020,26.182,34,5
13/04/2020,26.329,34,5
13/04/2020,26.867,34,5
13/04/2020,27.579,34,5
13/04/2020,26.598,34,5
13/04/2020,26.598,34,5
13/04/2020,27.014,34,5
14/04/2020,26.475,34,5
14/04/2020,25.768,34,5
14/04/2020,26.818,34,5
14/04/2020,26.744,34,5
14/04/2020,26.622,34,5
14/04/2020,27.333,34,5
15/04/2020,26.916,34,5
15/04/2020,26.549,34,5
15/04/2020,26.94,34,5
15/04/2020,27.628,34,5
15/04/2020,27.038,34,5
15/04/2020,27.136,34,5
16/04/2020,27.259,34,5
16/04/2020,26.598,34,5
16/04/2020,26.573,34,5
16/04/2020,26.891,34,5
16/04/2020,26.916,34,5
16/04/2020,27.038,34,5
17/04/2020,26.818,34,6
17/04/2020,26.549,34,6
17/04/2020,26.573,34,6
17/04/2020,27.087,34,6
17/04/2020,27.014,34,6
17/04/2020,26.916,34,6
18/04/2020,26.916,34,6
18/04/2020,26.891,34,6
18/04/2020,26.94,34,6
18/04/2020,27.407,34,6
18/04/2020,27.333,34,6
18/04/2020,27.308,34,6
19/04/2020,27.727,35,6
19/04/2020,27.456,35,6
19/04/2020,27.087,35,6
19/04/2020,28.122,35,6
19/04/2020,27.998,35,6
19/04/2020,27.038,35,6
20/04/2020,26.842,35,6
20/04/2020,26.867,35,6
20/04/2020,26.744,35,6
20/04/2020,26.916,35,6
20/04/2020,25.744,35,6
20/04/2020,26.402,35,6
21/04/2020,26.012,35,6
21/04/2020,26.036,35,6
21/04/2020,26.94,35,6
21/04/2020,27.21,35,6
21/04/2020,27.235,35,6
21/04/2020,27.801,35,6
22/04/2020,27.628,35,6
22/04/2020,27.677,35,6
22/04/2020,27.53,35,6
22/04/2020,27.801,35,6
22/04/2020,28.023,35,6
22/04/2020,28.122,35,6
23/04/2020,27.727,35,6
23/04/2020,28.072,35,6
23/04/2020,27.974,35,6
23/04/2020,28.27,35,6
23/04/2020,28.766,35,6
23/04/2020,27.259,35,6
24/04/2020,27.358,35,7
24/04/2020,27.899,35,7
24/04/2020,25.963,35,7
24/04/2020,27.087,35,7
24/04/2020,28.444,35,7
24/04/2020,25.695,35,7
25/04/2020,25.598,35,7
25/04/2020,26.28,35,7
25/04/2020,26.012,35,7
25/04/2020,25.866,35,7
25/04/2020,26.671,35,7
25/04/2020,26.378,35,7
26/04/2020,26.891,36,7
26/04/2020,26.769,36,7
26/04/2020,26.769,36,7
26/04/2020,26.965,36,7
26/04/2020,26.891,36,7
26/04/2020,26.818,36,7
27/04/2020,27.063,36,7
27/04/2020,26.94,36,7
27/04/2020,26.965,36,7
27/04/2020,27.284,36,7
27/04/2020,27.358,36,7
27/04/2020,27.284,36,7
28/04/2020,27.136,36,7
28/04/2020,26.891,36,7
28/04/2020,26.818,36,7
28/04/2020,27.259,36,7
28/04/2020,27.407,36,7
28/04/2020,27.21,36,7
29/04/2020,27.087,36,7
29/04/2020,26.94,36,7
29/04/2020,26.842,36,7
29/04/2020,27.161,36,7
29/04/2020,27.21,36,7
29/04/2020,27.063,36,7
30/04/2020,27.087,36,7
30/04/2020,26.965,36,7
30/04/2020,26.891,36,7
30/04/2020,27.136,36,7
30/04/2020,26.72,36,7
30/04/2020,26.842,36,7
01/05/2020,26.524,36,8
01/05/2020,26.573,36,8
01/05/2020,26.207,36,8
01/05/2020,26.549,36,8
01/05/2020,26.695,36,8
01/05/2020,26.695,36,8
02/05/2020,26.598,36,8
02/05/2020,26.598,36,8
02/05/2020,26.451,36,8
02/05/2020,26.769,36,8
02/05/2020,26.916,36,8
02/05/2020,26.744,36,8
03/05/2020,26.622,37,8
03/05/2020,26.671,37,8
03/05/2020,26.573,37,8
03/05/2020,26.695,37,8
03/05/2020,27.014,37,8
03/05/2020,26.818,37,8
04/05/2020,26.671,37,8
04/05/2020,26.646,37,8
04/05/2020,26.671,37,8
04/05/2020,26.94,37,8
04/05/2020,27.186,37,8
04/05/2020,26.989,37,8
05/05/2020,26.94,37,8
05/05/2020,26.818,37,8
05/05/2020,26.818,37,8
05/05/2020,27.087,37,8
05/05/2020,27.333,37,8
05/05/2020,27.063,37,8
06/05/2020,27.186,37,8
06/05/2020,27.063,37,8
06/05/2020,27.136,37,8
06/05/2020,27.505,37,8
06/05/2020,27.481,37,8
06/05/2020,27.063,37,8
07/05/2020,27.063,37,8
07/05/2020,27.21,37,8
07/05/2020,27.161,37,8
07/05/2020,27.333,37,8
07/05/2020,27.407,37,8
07/05/2020,27.186,37,8
08/05/2020,26.867,37,9
08/05/2020,26.769,37,9
08/05/2020,26.524,37,9
08/05/2020,26.793,37,9
08/05/2020,27.087,37,9
08/05/2020,26.891,37,9
09/05/2020,26.818,37,9
09/05/2020,26.818,37,9
09/05/2020,26.793,37,9
09/05/2020,27.136,37,9
09/05/2020,27.21,37,9
09/05/2020,27.063,37,9
10/05/2020,26.891,38,9
10/05/2020,26.867,38,9
10/05/2020,26.793,38,9
10/05/2020,26.842,38,9
10/05/2020,26.744,38,9
10/05/2020,26.622,38,9
11/05/2020,26.622,38,9
11/05/2020,26.5,38,9
11/05/2020,26.5,38,9
11/05/2020,26.842,38,9
11/05/2020,27.038,38,9
11/05/2020,26.818,38,9
12/05/2020,26.793,38,9
12/05/2020,26.524,38,9
12/05/2020,26.451,38,9
12/05/2020,26.793,38,9
12/05/2020,26.818,38,9
12/05/2020,26.744,38,9
13/05/2020,26.671,38,9
13/05/2020,26.5,38,9
13/05/2020,26.304,38,9
13/05/2020,26.573,38,9
13/05/2020,26.646,38,9
13/05/2020,26.549,38,9
14/05/2020,26.524,38,9
14/05/2020,26.353,38,9
14/05/2020,26.085,38,9
14/05/2020,26.085,38,9
14/05/2020,26.182,38,9
14/05/2020,26.085,38,9
15/05/2020,26.109,38,10
15/05/2020,26.036,38,10
15/05/2020,26.012,38,10
15/05/2020,26.036,38,10
15/05/2020,26.158,38,10
15/05/2020,26.134,38,10
16/05/2020,26.158,38,10
16/05/2020,26.158,38,10
16/05/2020,25.963,38,10
16/05/2020,26.304,38,10
16/05/2020,26.549,38,10
16/05/2020,26.5,38,10
17/05/2020,26.304,39,10
17/05/2020,26.402,39,10
17/05/2020,26.28,39,10
17/05/2020,26.622,39,10
17/05/2020,26.598,39,10
17/05/2020,26.5,39,10
18/05/2020,26.622,39,10
18/05/2020,26.5,39,10
18/05/2020,26.5,39,10
18/05/2020,27.358,39,10
18/05/2020,27.112,39,10